timestamp_ms,sample_id,mq3_adc,mq5_adc,mq135_adc,mq3_volts,mq5_volts,mq135_volts,fruit,label
2009,1,183.00,45.00,40.60,0.894,0.220,0.198,no_fruit,no_fruit
3020,2,183.00,45.00,40.55,0.894,0.220,0.198,no_fruit,no_fruit
4031,3,183.05,45.00,40.65,0.895,0.220,0.199,no_fruit,no_fruit
5042,4,183.45,45.00,40.50,0.897,0.220,0.198,no_fruit,no_fruit
6052,5,183.70,45.00,40.45,0.898,0.220,0.198,no_fruit,no_fruit
7063,6,184.00,45.00,40.40,0.899,0.220,0.197,no_fruit,no_fruit
8074,7,184.00,45.00,40.15,0.899,0.220,0.196,no_fruit,no_fruit
9084,8,184.00,45.00,40.20,0.899,0.220,0.196,no_fruit,no_fruit
10095,9,184.10,45.00,40.25,0.900,0.220,0.197,no_fruit,no_fruit
11106,10,184.30,45.00,40.25,0.901,0.220,0.197,no_fruit,no_fruit
12116,11,184.85,45.00,40.40,0.903,0.220,0.197,no_fruit,no_fruit
13127,12,185.00,45.00,40.30,0.904,0.220,0.197,no_fruit,no_fruit
14139,13,185.00,45.00,40.45,0.904,0.220,0.198,no_fruit,no_fruit
15150,14,185.10,45.00,40.35,0.905,0.220,0.197,no_fruit,no_fruit
16160,15,185.00,45.00,40.10,0.904,0.220,0.196,no_fruit,no_fruit
17171,16,185.40,45.00,40.15,0.906,0.220,0.196,no_fruit,no_fruit
18182,17,185.95,45.00,40.25,0.909,0.220,0.197,no_fruit,no_fruit
19192,18,186.00,45.00,40.35,0.909,0.220,0.197,no_fruit,no_fruit
20204,19,186.00,45.00,40.25,0.909,0.220,0.197,no_fruit,no_fruit
21215,20,186.10,45.00,40.20,0.910,0.220,0.196,no_fruit,no_fruit
22225,21,186.40,45.00,40.15,0.911,0.220,0.196,no_fruit,no_fruit
23236,22,186.90,45.00,40.30,0.913,0.220,0.197,no_fruit,no_fruit
24247,23,187.00,45.00,40.50,0.914,0.220,0.198,no_fruit,no_fruit
25257,24,187.00,45.00,40.40,0.914,0.220,0.197,no_fruit,no_fruit
26268,25,187.40,45.00,40.40,0.916,0.220,0.197,no_fruit,no_fruit
27280,26,187.75,45.00,40.45,0.918,0.220,0.198,no_fruit,no_fruit
28291,27,188.00,45.00,40.40,0.919,0.220,0.197,no_fruit,no_fruit
29301,28,188.05,45.00,40.20,0.919,0.220,0.196,no_fruit,no_fruit
30312,29,188.10,45.00,40.25,0.919,0.220,0.197,no_fruit,no_fruit
31323,30,188.90,45.00,40.55,0.923,0.220,0.198,no_fruit,no_fruit
32333,31,189.00,45.00,40.30,0.924,0.220,0.197,no_fruit,no_fruit
33345,32,189.00,45.00,40.35,0.924,0.220,0.197,no_fruit,no_fruit
34356,33,189.30,45.00,40.40,0.925,0.220,0.197,no_fruit,no_fruit
35366,34,190.00,45.00,40.40,0.929,0.220,0.197,no_fruit,no_fruit
36377,35,190.00,45.00,40.50,0.929,0.220,0.198,no_fruit,no_fruit
37388,36,190.10,45.00,40.30,0.929,0.220,0.197,no_fruit,no_fruit
38398,37,190.60,45.00,40.50,0.932,0.220,0.198,no_fruit,no_fruit
39410,38,191.00,45.05,40.30,0.934,0.220,0.197,no_fruit,no_fruit
40421,39,191.05,45.05,40.65,0.934,0.220,0.199,no_fruit,no_fruit
41432,40,191.20,45.00,40.65,0.935,0.220,0.199,no_fruit,no_fruit
42442,41,191.90,45.00,40.65,0.938,0.220,0.199,no_fruit,no_fruit
43453,42,192.00,45.00,40.70,0.938,0.220,0.199,no_fruit,no_fruit
44464,43,192.00,45.00,40.80,0.938,0.220,0.199,no_fruit,no_fruit
45475,44,192.50,45.05,40.70,0.941,0.220,0.199,no_fruit,no_fruit
46486,45,193.00,45.05,40.55,0.943,0.220,0.198,no_fruit,no_fruit
47497,46,191.70,45.00,41.10,0.937,0.220,0.201,no_fruit,no_fruit
48507,47,181.65,45.05,40.50,0.888,0.220,0.198,no_fruit,no_fruit
49518,48,174.50,44.25,39.50,0.853,0.216,0.193,no_fruit,no_fruit
50529,49,164.35,43.70,38.80,0.803,0.214,0.190,no_fruit,no_fruit
51540,50,158.80,42.95,38.05,0.776,0.210,0.186,no_fruit,no_fruit
52551,51,160.55,42.40,37.95,0.785,0.207,0.185,no_fruit,no_fruit
53562,52,161.70,42.15,37.15,0.790,0.206,0.182,no_fruit,no_fruit
54573,53,157.40,42.00,36.85,0.769,0.205,0.180,no_fruit,no_fruit
55583,54,151.85,41.30,36.40,0.742,0.202,0.178,no_fruit,no_fruit
56595,55,154.45,41.00,36.05,0.755,0.200,0.176,no_fruit,no_fruit
57606,56,160.90,41.50,36.85,0.786,0.203,0.180,no_fruit,no_fruit
58616,57,167.85,42.00,37.00,0.820,0.205,0.181,no_fruit,no_fruit
59627,58,173.60,42.20,37.50,0.848,0.206,0.183,no_fruit,no_fruit
60638,59,177.95,42.90,38.00,0.870,0.210,0.186,no_fruit,no_fruit
61648,60,181.05,43.05,38.00,0.885,0.210,0.186,no_fruit,no_fruit
62660,61,182.75,43.00,38.10,0.893,0.210,0.186,no_fruit,no_fruit
63671,62,183.15,43.30,38.40,0.895,0.212,0.188,no_fruit,no_fruit
64681,63,183.00,43.50,38.50,0.894,0.213,0.188,no_fruit,no_fruit
65692,64,182.45,43.35,38.75,0.892,0.212,0.189,no_fruit,no_fruit
66703,65,181.60,43.35,38.80,0.888,0.212,0.190,no_fruit,no_fruit
67715,66,180.95,43.20,38.75,0.884,0.211,0.189,no_fruit,no_fruit
68725,67,177.05,43.25,38.95,0.865,0.211,0.190,no_fruit,no_fruit
69736,68,167.00,42.60,39.60,0.816,0.208,0.194,no_fruit,no_fruit
70747,69,158.35,42.00,37.50,0.774,0.205,0.183,no_fruit,no_fruit
71757,70,152.00,41.00,37.05,0.743,0.200,0.181,no_fruit,no_fruit
72768,71,146.50,40.75,36.70,0.716,0.199,0.179,no_fruit,no_fruit
73780,72,142.50,40.00,36.10,0.696,0.196,0.176,no_fruit,no_fruit
74790,73,142.05,40.00,36.00,0.694,0.196,0.176,no_fruit,no_fruit
75801,74,145.40,40.00,36.05,0.711,0.196,0.176,no_fruit,no_fruit
76812,75,145.10,40.00,36.60,0.709,0.196,0.179,no_fruit,no_fruit
77822,76,144.80,40.00,36.75,0.708,0.196,0.180,no_fruit,no_fruit
78833,77,143.90,40.00,36.45,0.703,0.196,0.178,no_fruit,no_fruit
79845,78,143.30,39.90,36.65,0.700,0.195,0.179,no_fruit,no_fruit
80856,79,141.70,39.50,36.75,0.693,0.193,0.180,no_fruit,no_fruit
81866,80,140.60,39.15,36.10,0.687,0.191,0.176,no_fruit,no_fruit
82877,81,139.45,39.00,36.05,0.682,0.191,0.176,no_fruit,no_fruit
83888,82,138.85,39.00,36.00,0.679,0.191,0.176,no_fruit,no_fruit
84898,83,137.75,38.95,36.00,0.673,0.190,0.176,no_fruit,no_fruit
85910,84,136.90,38.50,35.30,0.669,0.188,0.173,no_fruit,no_fruit
86921,85,135.60,38.00,35.10,0.663,0.186,0.172,no_fruit,no_fruit
87931,86,132.70,38.00,35.00,0.649,0.186,0.171,no_fruit,no_fruit
88942,87,129.95,37.60,34.15,0.635,0.184,0.167,no_fruit,no_fruit
89953,88,127.95,37.15,34.00,0.625,0.182,0.166,no_fruit,no_fruit
90964,89,125.30,37.00,34.00,0.612,0.181,0.166,no_fruit,no_fruit
91975,90,122.25,36.65,33.75,0.598,0.179,0.165,no_fruit,no_fruit
92986,91,122.70,36.25,33.20,0.600,0.177,0.162,no_fruit,no_fruit
93997,92,124.00,36.35,33.05,0.606,0.178,0.162,no_fruit,no_fruit
95007,93,123.40,36.05,33.00,0.603,0.176,0.161,no_fruit,no_fruit
96018,94,123.00,36.00,32.90,0.601,0.176,0.161,no_fruit,no_fruit
97030,95,122.55,36.00,32.95,0.599,0.176,0.161,no_fruit,no_fruit
98040,96,122.00,36.00,32.50,0.596,0.176,0.159,no_fruit,no_fruit
99051,97,121.20,35.95,32.20,0.592,0.176,0.157,no_fruit,no_fruit
100062,98,119.95,35.60,32.05,0.586,0.174,0.157,no_fruit,no_fruit
101072,99,119.60,35.30,32.00,0.585,0.173,0.156,no_fruit,no_fruit
102083,100,118.60,35.00,32.00,0.580,0.171,0.156,no_fruit,no_fruit
103095,101,117.40,35.00,32.00,0.574,0.171,0.156,no_fruit,no_fruit
104105,102,116.15,35.00,31.90,0.568,0.171,0.156,no_fruit,no_fruit
105116,103,114.85,34.95,31.85,0.561,0.171,0.156,no_fruit,no_fruit
106128,104,114.00,34.50,31.25,0.557,0.169,0.153,no_fruit,no_fruit
107139,105,113.05,34.25,31.00,0.553,0.167,0.152,no_fruit,no_fruit
108149,106,112.00,34.05,31.05,0.547,0.166,0.152,no_fruit,no_fruit
109160,107,111.15,34.00,30.90,0.543,0.166,0.151,no_fruit,no_fruit
110172,108,110.30,33.95,30.75,0.539,0.166,0.150,no_fruit,no_fruit
111182,109,109.30,33.95,30.45,0.534,0.166,0.149,no_fruit,no_fruit
112193,110,108.95,33.85,30.10,0.533,0.165,0.147,no_fruit,no_fruit
113204,111,107.95,33.65,30.60,0.528,0.164,0.150,no_fruit,no_fruit
114215,112,106.45,33.15,30.05,0.520,0.162,0.147,no_fruit,no_fruit
115226,113,105.25,33.05,30.00,0.514,0.162,0.147,no_fruit,no_fruit
116237,114,104.55,33.00,30.00,0.511,0.161,0.147,no_fruit,no_fruit
117248,115,104.15,33.00,30.00,0.509,0.161,0.147,no_fruit,no_fruit
118259,116,103.70,32.95,30.00,0.507,0.161,0.147,no_fruit,no_fruit
119270,117,102.95,32.75,29.60,0.503,0.160,0.145,no_fruit,no_fruit
120281,118,102.00,32.65,29.45,0.499,0.160,0.144,no_fruit,no_fruit
121292,119,101.50,32.20,29.05,0.496,0.157,0.142,no_fruit,no_fruit
122303,120,100.95,32.00,29.05,0.493,0.156,0.142,no_fruit,no_fruit
123314,121,100.95,32.00,29.05,0.493,0.156,0.142,no_fruit,no_fruit
124324,122,100.10,32.00,29.05,0.489,0.156,0.142,no_fruit,no_fruit
125336,123,99.95,32.00,29.00,0.489,0.156,0.142,no_fruit,no_fruit
126347,124,99.45,32.00,29.00,0.486,0.156,0.142,no_fruit,no_fruit
127357,125,99.95,32.00,29.00,0.489,0.156,0.142,no_fruit,no_fruit
128368,126,100.30,32.00,28.85,0.490,0.156,0.141,no_fruit,no_fruit
129380,127,101.55,32.00,28.90,0.496,0.156,0.141,no_fruit,no_fruit
130391,128,101.75,31.95,28.45,0.497,0.156,0.139,no_fruit,no_fruit
131401,129,101.00,31.95,28.25,0.494,0.156,0.138,no_fruit,no_fruit
132412,130,100.50,31.85,28.10,0.491,0.156,0.137,no_fruit,no_fruit
133424,131,100.30,31.55,28.15,0.490,0.154,0.138,no_fruit,no_fruit
134434,132,100.10,31.20,28.00,0.489,0.152,0.137,no_fruit,no_fruit
135445,133,100.00,31.20,28.00,0.489,0.152,0.137,no_fruit,no_fruit
136456,134,99.10,31.00,28.00,0.484,0.152,0.137,no_fruit,no_fruit
137467,135,98.05,31.00,28.00,0.479,0.152,0.137,no_fruit,no_fruit
138478,136,97.20,31.00,28.00,0.475,0.152,0.137,no_fruit,no_fruit
139489,137,97.00,30.95,28.00,0.474,0.151,0.137,no_fruit,no_fruit
140499,138,97.00,30.95,27.85,0.474,0.151,0.136,no_fruit,no_fruit
141510,139,97.00,30.95,27.70,0.474,0.151,0.135,no_fruit,no_fruit
142522,140,97.65,30.85,27.35,0.477,0.151,0.134,no_fruit,no_fruit
143533,141,98.00,30.90,27.45,0.479,0.151,0.134,no_fruit,no_fruit
144543,142,97.10,30.70,27.15,0.475,0.150,0.133,no_fruit,no_fruit
145554,143,96.30,30.50,27.20,0.471,0.149,0.133,no_fruit,no_fruit
146566,144,96.00,30.45,27.20,0.469,0.149,0.133,no_fruit,no_fruit
147576,145,96.00,30.05,27.10,0.469,0.147,0.132,no_fruit,no_fruit
148587,146,96.05,30.05,27.05,0.469,0.147,0.132,no_fruit,no_fruit
149598,147,96.75,30.15,27.05,0.473,0.147,0.132,no_fruit,no_fruit
150608,148,96.95,30.00,27.05,0.474,0.147,0.132,no_fruit,no_fruit
151620,149,96.20,30.05,27.05,0.470,0.147,0.132,no_fruit,no_fruit
152631,150,96.00,30.00,27.80,0.469,0.147,0.136,no_fruit,no_fruit
153641,151,95.40,30.00,28.00,0.466,0.147,0.137,no_fruit,no_fruit
154652,152,95.80,30.00,27.65,0.468,0.147,0.135,no_fruit,no_fruit
155664,153,95.15,30.00,27.60,0.465,0.147,0.135,no_fruit,no_fruit
156675,154,95.00,30.00,27.85,0.464,0.147,0.136,no_fruit,no_fruit
157685,155,95.00,30.00,27.85,0.464,0.147,0.136,no_fruit,no_fruit
158696,156,94.75,30.00,27.65,0.463,0.147,0.135,no_fruit,no_fruit
159707,157,94.10,30.00,27.55,0.460,0.147,0.135,no_fruit,no_fruit
160718,158,93.45,30.00,27.50,0.457,0.147,0.134,no_fruit,no_fruit
161729,159,93.00,30.00,27.30,0.455,0.147,0.133,no_fruit,no_fruit
162740,160,92.50,30.00,27.25,0.452,0.147,0.133,no_fruit,no_fruit
163750,161,92.05,30.00,27.10,0.450,0.147,0.132,no_fruit,no_fruit
164762,162,92.00,30.00,27.05,0.450,0.147,0.132,no_fruit,no_fruit
165773,163,92.00,29.95,27.20,0.450,0.146,0.133,no_fruit,no_fruit
166784,164,92.00,30.00,27.15,0.450,0.147,0.133,no_fruit,no_fruit
167794,165,92.00,29.85,27.05,0.450,0.146,0.132,no_fruit,no_fruit
168805,166,91.95,29.95,27.00,0.449,0.146,0.132,no_fruit,no_fruit
169817,167,92.15,29.90,27.00,0.450,0.146,0.132,no_fruit,no_fruit
170827,168,93.05,29.75,27.00,0.455,0.145,0.132,no_fruit,no_fruit
171838,169,94.05,29.95,27.00,0.460,0.146,0.132,no_fruit,no_fruit
172849,170,94.25,29.80,27.00,0.461,0.146,0.132,no_fruit,no_fruit
173859,171,94.45,29.95,27.05,0.462,0.146,0.132,no_fruit,no_fruit
174871,172,95.05,29.80,27.00,0.465,0.146,0.132,no_fruit,no_fruit
175882,173,95.05,29.75,27.00,0.465,0.145,0.132,no_fruit,no_fruit
176892,174,95.50,29.95,27.00,0.467,0.146,0.132,no_fruit,no_fruit
177903,175,95.75,29.80,26.95,0.468,0.146,0.132,no_fruit,no_fruit
178915,176,95.25,29.95,27.00,0.466,0.146,0.132,no_fruit,no_fruit
179926,177,94.20,29.80,27.00,0.460,0.146,0.132,no_fruit,no_fruit
180936,178,94.65,29.55,27.00,0.463,0.144,0.132,no_fruit,no_fruit
181947,179,98.20,30.00,27.00,0.480,0.147,0.132,no_fruit,no_fruit
182958,180,101.95,29.95,27.05,0.498,0.146,0.132,no_fruit,no_fruit
183969,181,104.45,30.00,27.00,0.511,0.147,0.132,no_fruit,no_fruit
184980,182,106.40,30.20,27.05,0.520,0.148,0.132,no_fruit,no_fruit
185991,183,107.50,30.20,27.50,0.525,0.148,0.134,no_fruit,no_fruit
187002,184,107.85,30.65,27.60,0.527,0.150,0.135,no_fruit,no_fruit
188013,185,107.50,30.55,27.00,0.525,0.149,0.132,no_fruit,no_fruit
189024,186,105.45,30.55,27.00,0.515,0.149,0.132,no_fruit,no_fruit
190034,187,104.60,30.15,27.00,0.511,0.147,0.132,no_fruit,no_fruit
191046,188,109.35,29.60,27.15,0.534,0.145,0.133,no_fruit,no_fruit
192057,189,109.75,30.00,27.15,0.536,0.147,0.133,no_fruit,no_fruit
193068,190,110.70,30.20,27.10,0.541,0.148,0.132,no_fruit,no_fruit
194078,191,109.20,30.75,27.05,0.534,0.150,0.132,no_fruit,no_fruit
195090,192,106.40,30.85,27.10,0.520,0.151,0.132,no_fruit,no_fruit
196101,193,104.30,30.90,27.15,0.510,0.151,0.133,no_fruit,no_fruit
197111,194,104.00,30.95,27.45,0.508,0.151,0.134,no_fruit,no_fruit
198122,195,104.10,31.00,27.50,0.509,0.152,0.134,no_fruit,no_fruit
199134,196,104.10,31.00,27.45,0.509,0.152,0.134,no_fruit,no_fruit
200144,197,104.00,31.00,27.50,0.508,0.152,0.134,no_fruit,no_fruit
201155,198,104.10,31.05,27.60,0.509,0.152,0.135,no_fruit,no_fruit
202167,199,104.40,31.00,27.50,0.510,0.152,0.134,no_fruit,no_fruit
203177,200,104.65,31.05,27.70,0.511,0.152,0.135,no_fruit,no_fruit
204188,201,103.85,31.15,27.40,0.508,0.152,0.134,no_fruit,no_fruit
205199,202,103.00,31.10,27.40,0.503,0.152,0.134,no_fruit,no_fruit
206211,203,102.65,31.10,27.60,0.502,0.152,0.135,no_fruit,no_fruit
207221,204,102.35,31.05,27.35,0.500,0.152,0.134,no_fruit,no_fruit
208232,205,101.60,31.05,27.15,0.497,0.152,0.133,no_fruit,no_fruit
209243,206,100.15,31.00,27.05,0.489,0.152,0.132,no_fruit,no_fruit
210254,207,100.05,30.95,27.05,0.489,0.151,0.132,no_fruit,no_fruit
211265,208,99.35,30.95,27.00,0.486,0.151,0.132,no_fruit,no_fruit
212276,209,98.45,30.80,27.00,0.481,0.151,0.132,no_fruit,no_fruit
213286,210,98.00,30.85,27.20,0.479,0.151,0.133,no_fruit,no_fruit
214298,211,98.25,30.85,27.15,0.480,0.151,0.133,no_fruit,no_fruit
215309,212,101.15,30.55,27.05,0.494,0.149,0.132,no_fruit,no_fruit
216320,213,103.10,30.95,27.10,0.504,0.151,0.132,no_fruit,no_fruit
217330,214,105.80,31.00,27.15,0.517,0.152,0.133,no_fruit,no_fruit
218342,215,105.70,31.10,27.05,0.517,0.152,0.132,no_fruit,no_fruit
219353,216,99.50,31.00,27.00,0.486,0.152,0.132,no_fruit,no_fruit
220363,217,99.00,31.00,27.00,0.484,0.152,0.132,no_fruit,no_fruit
221374,218,99.10,31.05,27.00,0.484,0.152,0.132,no_fruit,no_fruit
222386,219,99.90,31.00,27.10,0.488,0.152,0.132,no_fruit,no_fruit
223396,220,100.00,31.00,27.15,0.489,0.152,0.133,no_fruit,no_fruit
224407,221,99.25,31.00,27.05,0.485,0.152,0.132,no_fruit,no_fruit
225418,222,99.05,30.95,27.05,0.484,0.151,0.132,no_fruit,no_fruit
226428,223,99.55,31.00,27.05,0.487,0.152,0.132,no_fruit,no_fruit
227440,224,98.70,31.00,27.20,0.482,0.152,0.133,no_fruit,no_fruit
228451,225,97.25,30.95,27.00,0.475,0.151,0.132,no_fruit,no_fruit
229462,226,97.00,30.85,27.00,0.474,0.151,0.132,no_fruit,no_fruit
230472,227,97.00,30.60,27.00,0.474,0.150,0.132,no_fruit,no_fruit
231484,228,96.35,30.50,27.00,0.471,0.149,0.132,no_fruit,no_fruit
232495,229,95.70,30.50,27.00,0.468,0.149,0.132,no_fruit,no_fruit
233505,230,95.00,30.35,27.00,0.464,0.148,0.132,no_fruit,no_fruit
234516,231,94.25,30.25,27.00,0.461,0.148,0.132,no_fruit,no_fruit
235527,232,93.65,30.00,27.00,0.458,0.147,0.132,no_fruit,no_fruit
236538,233,93.05,30.00,27.00,0.455,0.147,0.132,no_fruit,no_fruit
237549,234,92.90,30.05,26.95,0.454,0.147,0.132,no_fruit,no_fruit
238560,235,93.30,30.00,26.80,0.456,0.147,0.131,no_fruit,no_fruit
239570,236,94.15,30.00,26.85,0.460,0.147,0.131,no_fruit,no_fruit
240582,237,95.10,30.00,26.70,0.465,0.147,0.130,no_fruit,no_fruit
241593,238,95.10,30.00,26.65,0.465,0.147,0.130,no_fruit,no_fruit
242604,239,94.15,30.00,26.30,0.460,0.147,0.129,no_fruit,no_fruit
243614,240,93.85,30.00,26.25,0.459,0.147,0.128,no_fruit,no_fruit
244625,241,93.25,29.80,26.15,0.456,0.146,0.128,no_fruit,no_fruit
245637,242,93.00,29.65,26.05,0.455,0.145,0.127,no_fruit,no_fruit
246647,243,92.30,29.45,26.05,0.451,0.144,0.127,no_fruit,no_fruit
247658,244,91.25,29.40,26.00,0.446,0.144,0.127,no_fruit,no_fruit
248669,245,90.75,29.30,26.00,0.444,0.143,0.127,no_fruit,no_fruit
249680,246,90.05,29.10,26.00,0.440,0.142,0.127,no_fruit,no_fruit
250691,247,89.10,29.10,26.00,0.435,0.142,0.127,no_fruit,no_fruit
251702,248,89.00,29.10,26.00,0.435,0.142,0.127,no_fruit,no_fruit
252712,249,89.00,29.00,26.00,0.435,0.142,0.127,no_fruit,no_fruit
253723,250,88.50,29.00,26.00,0.433,0.142,0.127,no_fruit,no_fruit
254735,251,88.00,29.00,26.00,0.430,0.142,0.127,no_fruit,no_fruit
255746,252,88.00,29.00,26.00,0.430,0.142,0.127,no_fruit,no_fruit
256756,253,88.00,29.20,26.55,0.430,0.143,0.130,no_fruit,no_fruit
257767,254,88.00,29.00,26.65,0.430,0.142,0.130,no_fruit,no_fruit
258778,255,87.75,29.00,26.05,0.429,0.142,0.127,no_fruit,no_fruit
259789,256,87.40,29.00,26.00,0.427,0.142,0.127,no_fruit,no_fruit
260800,257,87.25,29.00,25.95,0.426,0.142,0.127,no_fruit,no_fruit
261811,258,87.20,29.00,26.25,0.426,0.142,0.128,no_fruit,no_fruit
262821,259,87.10,29.00,26.80,0.426,0.142,0.131,no_fruit,no_fruit
263832,260,87.10,29.00,26.95,0.426,0.142,0.132,no_fruit,no_fruit
264844,261,86.60,28.90,26.50,0.423,0.141,0.130,no_fruit,no_fruit
265854,262,85.75,28.90,26.00,0.419,0.141,0.127,no_fruit,no_fruit
266865,263,85.00,28.60,26.00,0.415,0.140,0.127,no_fruit,no_fruit
267876,264,84.40,28.40,26.00,0.413,0.139,0.127,no_fruit,no_fruit
268887,265,84.00,28.30,26.00,0.411,0.138,0.127,no_fruit,no_fruit
269898,266,84.00,28.35,26.05,0.411,0.139,0.127,no_fruit,no_fruit
270909,267,83.95,28.30,26.05,0.410,0.138,0.127,no_fruit,no_fruit
271920,268,83.65,28.10,26.15,0.409,0.137,0.128,no_fruit,no_fruit
272930,269,83.80,28.20,26.15,0.410,0.138,0.128,no_fruit,no_fruit
273942,270,84.30,28.15,26.35,0.412,0.138,0.129,no_fruit,no_fruit
274953,271,84.95,28.00,26.35,0.415,0.137,0.129,no_fruit,no_fruit
275963,272,85.50,28.35,26.15,0.418,0.139,0.128,no_fruit,no_fruit
276974,273,85.95,28.20,26.15,0.420,0.138,0.128,no_fruit,no_fruit
277985,274,85.95,28.35,26.10,0.420,0.139,0.128,no_fruit,no_fruit
278996,275,85.00,28.35,26.05,0.415,0.139,0.127,no_fruit,no_fruit
280007,276,84.05,28.10,26.00,0.411,0.137,0.127,no_fruit,no_fruit
281018,277,83.95,28.15,26.05,0.410,0.138,0.127,no_fruit,no_fruit
282029,278,83.85,28.00,26.00,0.410,0.137,0.127,no_fruit,no_fruit
283040,279,83.10,28.00,26.00,0.406,0.137,0.127,no_fruit,no_fruit
284051,280,82.60,28.10,26.00,0.404,0.137,0.127,no_fruit,no_fruit
285062,281,82.05,28.00,26.00,0.401,0.137,0.127,no_fruit,no_fruit
286072,282,81.50,28.00,26.00,0.398,0.137,0.127,no_fruit,no_fruit
287083,283,81.00,28.00,26.00,0.396,0.137,0.127,no_fruit,no_fruit
288095,284,80.35,28.00,26.00,0.393,0.137,0.127,no_fruit,no_fruit
289105,285,80.00,28.00,25.95,0.391,0.137,0.127,no_fruit,no_fruit
290116,286,80.00,28.00,25.65,0.391,0.137,0.125,no_fruit,no_fruit
291127,287,79.85,28.00,25.60,0.390,0.137,0.125,no_fruit,no_fruit
292137,288,79.15,28.00,26.00,0.387,0.137,0.127,no_fruit,no_fruit
293149,289,79.00,27.95,26.00,0.386,0.137,0.127,no_fruit,no_fruit
294160,290,78.95,27.95,25.90,0.386,0.137,0.127,no_fruit,no_fruit
295171,291,78.35,27.95,25.45,0.383,0.137,0.124,no_fruit,no_fruit
296181,292,78.05,27.95,25.25,0.381,0.137,0.123,no_fruit,no_fruit
297193,293,78.00,27.95,25.30,0.381,0.137,0.124,no_fruit,no_fruit
298204,294,78.50,28.00,25.30,0.384,0.137,0.124,no_fruit,no_fruit
299214,295,79.15,27.90,25.35,0.387,0.136,0.124,no_fruit,no_fruit
300225,296,80.60,27.95,25.65,0.394,0.137,0.125,no_fruit,no_fruit
301237,297,81.70,27.85,25.60,0.399,0.136,0.125,no_fruit,no_fruit
302247,298,82.80,27.85,25.20,0.405,0.136,0.123,no_fruit,no_fruit
303258,299,83.00,27.85,25.15,0.406,0.136,0.123,no_fruit,no_fruit
304269,300,82.30,27.70,25.00,0.402,0.135,0.122,no_fruit,no_fruit
305281,301,81.55,27.65,25.00,0.399,0.135,0.122,no_fruit,no_fruit
306291,302,80.95,27.60,25.00,0.396,0.135,0.122,no_fruit,no_fruit
307302,303,82.00,28.00,25.75,0.401,0.137,0.126,no_fruit,no_fruit
308313,304,81.00,28.00,24.95,0.396,0.137,0.122,no_fruit,no_fruit
309323,305,81.05,28.00,24.70,0.396,0.137,0.121,no_fruit,no_fruit
310335,306,80.90,27.90,24.45,0.395,0.136,0.120,no_fruit,no_fruit
311346,307,81.25,27.55,25.85,0.397,0.135,0.126,no_fruit,no_fruit
312356,308,81.55,27.30,25.55,0.399,0.133,0.125,no_fruit,no_fruit
313367,309,83.00,27.30,25.15,0.406,0.133,0.123,no_fruit,no_fruit
314379,310,82.85,27.15,25.00,0.405,0.133,0.122,no_fruit,no_fruit
315389,311,82.15,27.10,25.00,0.402,0.132,0.122,no_fruit,no_fruit
316400,312,82.00,27.00,25.00,0.401,0.132,0.122,no_fruit,no_fruit
317411,313,82.00,27.05,25.00,0.401,0.132,0.122,no_fruit,no_fruit
318422,314,82.00,27.10,25.00,0.401,0.132,0.122,no_fruit,no_fruit
319433,315,82.00,27.05,25.00,0.401,0.132,0.122,no_fruit,no_fruit
320444,316,82.00,27.10,25.00,0.401,0.132,0.122,no_fruit,no_fruit
321455,317,81.90,27.00,25.00,0.400,0.132,0.122,no_fruit,no_fruit
322465,318,81.95,27.00,25.00,0.401,0.132,0.122,no_fruit,no_fruit
323476,319,81.70,27.05,25.00,0.399,0.132,0.122,no_fruit,no_fruit
324488,320,81.85,27.00,24.95,0.400,0.132,0.122,no_fruit,no_fruit
325498,321,81.90,27.00,25.00,0.400,0.132,0.122,no_fruit,no_fruit
326509,322,81.80,27.00,25.00,0.400,0.132,0.122,no_fruit,no_fruit
327520,323,81.95,27.00,25.00,0.401,0.132,0.122,no_fruit,no_fruit
328531,324,81.95,27.00,24.95,0.401,0.132,0.122,no_fruit,no_fruit
329542,325,82.00,27.00,25.00,0.401,0.132,0.122,no_fruit,no_fruit
330553,326,82.00,27.00,24.95,0.401,0.132,0.122,no_fruit,no_fruit
331564,327,82.00,27.00,25.00,0.401,0.132,0.122,no_fruit,no_fruit
332574,328,82.00,27.00,24.90,0.401,0.132,0.122,no_fruit,no_fruit
333586,329,82.00,27.00,24.90,0.401,0.132,0.122,no_fruit,no_fruit
334597,330,82.05,27.00,24.90,0.401,0.132,0.122,no_fruit,no_fruit
335607,331,82.05,27.00,24.85,0.401,0.132,0.121,no_fruit,no_fruit
336618,332,82.30,26.95,24.80,0.402,0.132,0.121,no_fruit,no_fruit
337629,333,82.70,27.00,24.95,0.404,0.132,0.122,no_fruit,no_fruit
338640,334,83.00,27.00,25.00,0.406,0.132,0.122,no_fruit,no_fruit
339651,335,83.05,26.95,24.90,0.406,0.132,0.122,no_fruit,no_fruit
340662,336,83.15,27.00,25.00,0.406,0.132,0.122,no_fruit,no_fruit
341672,337,83.85,27.00,24.90,0.410,0.132,0.122,no_fruit,no_fruit
342684,338,84.00,27.00,24.75,0.411,0.132,0.121,no_fruit,no_fruit
343695,339,84.00,27.00,24.85,0.411,0.132,0.121,no_fruit,no_fruit
344706,340,84.00,27.00,24.70,0.411,0.132,0.121,no_fruit,no_fruit
345716,341,84.60,27.00,24.75,0.413,0.132,0.121,no_fruit,no_fruit
346727,342,84.90,27.00,24.55,0.415,0.132,0.120,no_fruit,no_fruit
347739,343,84.95,26.95,24.35,0.415,0.132,0.119,no_fruit,no_fruit
348749,344,85.00,27.00,24.40,0.415,0.132,0.119,no_fruit,no_fruit
349760,345,85.05,26.90,24.55,0.416,0.131,0.120,no_fruit,no_fruit
350771,346,85.05,27.00,24.40,0.416,0.132,0.119,no_fruit,no_fruit
351782,347,85.40,26.95,24.35,0.417,0.132,0.119,no_fruit,no_fruit
352793,348,85.80,26.95,24.20,0.419,0.132,0.118,no_fruit,no_fruit
353804,349,86.00,27.00,24.25,0.420,0.132,0.119,no_fruit,no_fruit
354814,350,86.00,27.00,24.35,0.420,0.132,0.119,no_fruit,no_fruit
355825,351,86.00,27.00,24.10,0.420,0.132,0.118,no_fruit,no_fruit
356837,352,86.00,27.00,24.20,0.420,0.132,0.118,no_fruit,no_fruit
357848,353,86.05,26.95,24.30,0.421,0.132,0.119,no_fruit,no_fruit
358858,354,86.35,27.00,24.05,0.422,0.132,0.118,no_fruit,no_fruit
359869,355,87.00,27.00,24.20,0.425,0.132,0.118,no_fruit,no_fruit
360881,356,87.00,27.00,24.20,0.425,0.132,0.118,no_fruit,no_fruit
361891,357,87.00,27.00,24.15,0.425,0.132,0.118,no_fruit,no_fruit
362902,358,87.10,27.00,24.10,0.426,0.132,0.118,no_fruit,no_fruit
363913,359,87.50,27.00,24.00,0.428,0.132,0.117,no_fruit,no_fruit
364923,360,87.85,26.75,24.00,0.429,0.131,0.117,no_fruit,no_fruit
365935,361,88.00,26.95,24.05,0.430,0.132,0.118,no_fruit,no_fruit
366946,362,88.00,27.00,24.00,0.430,0.132,0.117,no_fruit,no_fruit
367956,363,88.15,27.00,24.00,0.431,0.132,0.117,no_fruit,no_fruit
368967,364,88.40,27.00,24.10,0.432,0.132,0.118,no_fruit,no_fruit
369978,365,89.00,27.00,24.10,0.435,0.132,0.118,no_fruit,no_fruit
370990,366,89.00,27.00,24.05,0.435,0.132,0.118,no_fruit,no_fruit
372000,367,89.00,27.00,24.00,0.435,0.132,0.117,no_fruit,no_fruit
373011,368,89.35,26.90,24.05,0.437,0.131,0.118,no_fruit,no_fruit
374022,369,89.80,26.85,24.00,0.439,0.131,0.117,no_fruit,no_fruit
375033,370,90.00,26.95,24.00,0.440,0.132,0.117,no_fruit,no_fruit
376044,371,90.00,26.95,24.00,0.440,0.132,0.117,no_fruit,no_fruit
377055,372,90.05,26.95,24.00,0.440,0.132,0.117,no_fruit,no_fruit
378065,373,90.50,27.00,24.05,0.442,0.132,0.118,no_fruit,no_fruit
379076,374,90.95,27.00,24.00,0.445,0.132,0.117,no_fruit,no_fruit
380088,375,91.00,26.90,24.05,0.445,0.131,0.118,no_fruit,no_fruit
381099,376,91.40,26.95,24.00,0.447,0.132,0.117,no_fruit,no_fruit
382109,377,91.95,27.00,24.00,0.449,0.132,0.117,no_fruit,no_fruit
383120,378,92.00,26.95,24.10,0.450,0.132,0.118,no_fruit,no_fruit
384132,379,92.05,26.85,24.15,0.450,0.131,0.118,no_fruit,no_fruit
385142,380,92.25,26.90,24.05,0.451,0.131,0.118,no_fruit,no_fruit
386153,381,93.00,26.90,24.05,0.455,0.131,0.118,no_fruit,no_fruit
387164,382,93.00,26.90,24.05,0.455,0.131,0.118,no_fruit,no_fruit
388175,383,93.05,27.00,24.15,0.455,0.132,0.118,no_fruit,no_fruit
389186,384,93.65,27.00,24.00,0.458,0.132,0.117,no_fruit,no_fruit
390197,385,93.90,26.95,24.00,0.459,0.132,0.117,no_fruit,no_fruit
391207,386,94.00,27.00,24.00,0.459,0.132,0.117,no_fruit,no_fruit
392218,387,94.45,26.90,24.00,0.462,0.131,0.117,no_fruit,no_fruit
393230,388,94.85,26.90,24.00,0.464,0.131,0.117,no_fruit,no_fruit
394241,389,95.05,26.80,24.05,0.465,0.131,0.118,no_fruit,no_fruit
395251,390,95.15,26.95,24.05,0.465,0.132,0.118,no_fruit,no_fruit
396262,391,95.95,26.95,24.00,0.469,0.132,0.117,no_fruit,no_fruit
397274,392,96.00,26.85,24.00,0.469,0.131,0.117,no_fruit,no_fruit
398284,393,96.00,26.85,24.00,0.469,0.131,0.117,no_fruit,no_fruit
399295,394,96.60,27.00,24.00,0.472,0.132,0.117,no_fruit,no_fruit
400306,395,97.00,26.95,24.00,0.474,0.132,0.117,no_fruit,no_fruit
401316,396,97.45,27.00,24.00,0.476,0.132,0.117,no_fruit,no_fruit
402328,397,97.65,26.90,24.05,0.477,0.131,0.118,no_fruit,no_fruit
403339,398,98.00,26.95,24.05,0.479,0.132,0.118,no_fruit,no_fruit
404349,399,98.85,26.85,24.05,0.483,0.131,0.118,no_fruit,no_fruit
405360,400,99.00,27.00,24.05,0.484,0.132,0.118,no_fruit,no_fruit
406372,401,99.15,27.00,24.05,0.485,0.132,0.118,no_fruit,no_fruit
407383,402,99.80,27.00,24.15,0.488,0.132,0.118,no_fruit,no_fruit
408393,403,100.00,27.00,24.05,0.489,0.132,0.118,no_fruit,no_fruit
409404,404,100.05,26.85,24.05,0.489,0.131,0.118,no_fruit,no_fruit
410416,405,100.35,26.95,24.00,0.490,0.132,0.117,no_fruit,no_fruit
411426,406,100.95,26.95,24.10,0.493,0.132,0.118,no_fruit,no_fruit
412437,407,101.00,27.00,24.00,0.494,0.132,0.117,no_fruit,no_fruit
413448,408,101.00,26.90,24.00,0.494,0.131,0.117,no_fruit,no_fruit
414459,409,101.65,27.00,24.00,0.497,0.132,0.117,no_fruit,no_fruit
415470,410,101.95,26.95,24.00,0.498,0.132,0.117,no_fruit,no_fruit
416481,411,102.00,26.95,24.00,0.499,0.132,0.117,no_fruit,no_fruit
417491,412,102.15,27.00,24.00,0.499,0.132,0.117,no_fruit,no_fruit
418503,413,102.80,26.95,24.00,0.502,0.132,0.117,no_fruit,no_fruit
419514,414,103.00,27.00,24.00,0.503,0.132,0.117,no_fruit,no_fruit
420525,415,103.05,26.85,24.00,0.504,0.131,0.117,no_fruit,no_fruit
421535,416,103.35,27.00,24.00,0.505,0.132,0.117,no_fruit,no_fruit
422547,417,103.90,27.00,24.00,0.508,0.132,0.117,no_fruit,no_fruit
423558,418,104.00,27.00,24.00,0.508,0.132,0.117,no_fruit,no_fruit
424568,419,104.10,26.95,24.00,0.509,0.132,0.117,no_fruit,no_fruit
425579,420,104.75,27.00,24.05,0.512,0.132,0.118,no_fruit,no_fruit
426591,421,105.00,26.90,24.00,0.513,0.131,0.117,no_fruit,no_fruit
427601,422,105.00,26.85,24.00,0.513,0.131,0.117,no_fruit,no_fruit
428612,423,105.15,27.00,24.05,0.514,0.132,0.118,no_fruit,no_fruit
429624,424,105.85,27.00,24.05,0.517,0.132,0.118,no_fruit,no_fruit
430635,425,106.00,27.00,24.00,0.518,0.132,0.117,no_fruit,no_fruit
431645,426,106.05,27.00,24.00,0.518,0.132,0.117,no_fruit,no_fruit
432656,427,106.45,27.00,24.00,0.520,0.132,0.117,no_fruit,no_fruit
433668,428,107.00,26.95,24.00,0.523,0.132,0.117,no_fruit,no_fruit
434678,429,107.00,27.00,24.00,0.523,0.132,0.117,no_fruit,no_fruit
435689,430,107.10,27.00,24.00,0.523,0.132,0.117,no_fruit,no_fruit
436700,431,107.70,27.00,24.00,0.526,0.132,0.117,no_fruit,no_fruit
437711,432,108.00,27.00,24.05,0.528,0.132,0.118,no_fruit,no_fruit
438722,433,108.00,27.00,24.00,0.528,0.132,0.117,no_fruit,no_fruit
439733,434,108.25,27.00,24.00,0.529,0.132,0.117,no_fruit,no_fruit
440743,435,108.90,26.95,24.00,0.532,0.132,0.117,no_fruit,no_fruit
441755,436,109.00,26.95,24.05,0.533,0.132,0.118,no_fruit,no_fruit
442766,437,109.00,27.00,24.00,0.533,0.132,0.117,no_fruit,no_fruit
443777,438,109.45,27.00,24.00,0.535,0.132,0.117,no_fruit,no_fruit
444787,439,110.00,27.00,24.00,0.538,0.132,0.117,no_fruit,no_fruit
445799,440,110.00,26.95,24.00,0.538,0.132,0.117,no_fruit,no_fruit
446810,441,110.25,27.00,24.00,0.539,0.132,0.117,no_fruit,no_fruit
447820,442,110.75,27.00,24.00,0.541,0.132,0.117,no_fruit,no_fruit
448832,443,111.00,26.95,24.00,0.543,0.132,0.117,no_fruit,no_fruit
449843,444,111.05,27.00,24.00,0.543,0.132,0.117,no_fruit,no_fruit
450853,445,111.35,27.00,24.00,0.544,0.132,0.117,no_fruit,no_fruit
451864,446,111.90,27.00,24.05,0.547,0.132,0.118,no_fruit,no_fruit
452876,447,112.00,27.00,24.00,0.547,0.132,0.117,no_fruit,no_fruit
453886,448,112.05,27.00,24.05,0.548,0.132,0.118,no_fruit,no_fruit
454897,449,112.45,27.00,24.00,0.550,0.132,0.117,no_fruit,no_fruit
455908,450,113.00,27.00,24.00,0.552,0.132,0.117,no_fruit,no_fruit
456920,451,113.00,27.00,24.00,0.552,0.132,0.117,no_fruit,no_fruit
457930,452,113.30,27.00,24.00,0.554,0.132,0.117,no_fruit,no_fruit
458941,453,113.85,27.00,24.00,0.556,0.132,0.117,no_fruit,no_fruit
459952,454,114.00,26.95,24.00,0.557,0.132,0.117,no_fruit,no_fruit
460963,455,114.00,27.00,24.05,0.557,0.132,0.118,no_fruit,no_fruit
461974,456,114.50,27.00,24.00,0.560,0.132,0.117,no_fruit,no_fruit
462985,457,115.00,27.00,24.00,0.562,0.132,0.117,no_fruit,no_fruit
463995,458,115.05,27.00,24.00,0.562,0.132,0.117,no_fruit,no_fruit
465007,459,115.25,27.00,24.00,0.563,0.132,0.117,no_fruit,no_fruit
466018,460,115.90,27.00,24.05,0.566,0.132,0.118,no_fruit,no_fruit
467028,461,116.00,27.00,24.05,0.567,0.132,0.118,no_fruit,no_fruit
468039,462,116.05,27.00,24.00,0.567,0.132,0.117,no_fruit,no_fruit
469051,463,116.30,27.00,24.00,0.568,0.132,0.117,no_fruit,no_fruit
470062,464,116.85,27.00,24.00,0.571,0.132,0.117,no_fruit,no_fruit
471072,465,117.00,27.00,24.00,0.572,0.132,0.117,no_fruit,no_fruit
472083,466,117.05,27.00,24.00,0.572,0.132,0.117,no_fruit,no_fruit
473095,467,117.55,27.00,24.00,0.575,0.132,0.117,no_fruit,no_fruit
474105,468,118.00,27.00,24.00,0.577,0.132,0.117,no_fruit,no_fruit
475116,469,118.00,27.00,24.00,0.577,0.132,0.117,no_fruit,no_fruit
476127,470,118.00,27.00,24.05,0.577,0.132,0.118,no_fruit,no_fruit
477138,471,118.30,27.00,24.00,0.578,0.132,0.117,no_fruit,no_fruit
478149,472,119.00,27.05,24.00,0.582,0.132,0.117,no_fruit,no_fruit
479160,473,119.00,27.00,24.00,0.582,0.132,0.117,no_fruit,no_fruit
480172,474,119.00,27.00,24.05,0.582,0.132,0.118,no_fruit,no_fruit
481182,475,119.65,27.00,24.00,0.585,0.132,0.117,no_fruit,no_fruit
482193,476,120.00,27.00,24.00,0.587,0.132,0.117,no_fruit,no_fruit
483204,477,120.00,27.00,24.00,0.587,0.132,0.117,no_fruit,no_fruit
484215,478,120.20,27.00,24.00,0.587,0.132,0.117,no_fruit,no_fruit
485226,479,120.60,27.00,24.00,0.589,0.132,0.117,no_fruit,no_fruit
486237,480,121.00,27.00,24.00,0.591,0.132,0.117,no_fruit,no_fruit
487247,481,121.00,27.00,24.00,0.591,0.132,0.117,no_fruit,no_fruit
488259,482,121.40,27.00,24.05,0.593,0.132,0.118,no_fruit,no_fruit
489270,483,121.85,27.00,24.00,0.596,0.132,0.117,no_fruit,no_fruit
490280,484,122.00,27.00,24.00,0.596,0.132,0.117,no_fruit,no_fruit
491291,485,122.00,27.05,24.00,0.596,0.132,0.117,no_fruit,no_fruit
492303,486,122.50,27.00,24.10,0.599,0.132,0.118,no_fruit,no_fruit
493314,487,122.95,27.00,24.00,0.601,0.132,0.117,no_fruit,no_fruit
494324,488,123.05,27.00,24.00,0.601,0.132,0.117,no_fruit,no_fruit
495335,489,123.05,27.00,24.05,0.601,0.132,0.118,no_fruit,no_fruit
496347,490,123.80,27.00,24.05,0.605,0.132,0.118,no_fruit,no_fruit
497357,491,124.00,27.05,24.05,0.606,0.132,0.118,no_fruit,no_fruit
498368,492,124.05,27.00,24.00,0.606,0.132,0.117,no_fruit,no_fruit
499380,493,124.25,27.00,24.00,0.607,0.132,0.117,no_fruit,no_fruit
500390,494,124.95,27.10,24.05,0.611,0.132,0.118,no_fruit,no_fruit
501401,495,125.00,27.10,24.00,0.611,0.132,0.117,no_fruit,no_fruit
502412,496,125.05,27.00,24.05,0.611,0.132,0.118,no_fruit,no_fruit
503424,497,125.50,27.00,24.05,0.613,0.132,0.118,no_fruit,no_fruit
504434,498,126.00,27.05,24.00,0.616,0.132,0.117,no_fruit,no_fruit
505445,499,126.00,27.05,24.05,0.616,0.132,0.118,no_fruit,no_fruit
506456,500,126.05,27.05,24.10,0.616,0.132,0.118,no_fruit,no_fruit
507467,501,126.70,27.10,24.05,0.619,0.132,0.118,no_fruit,no_fruit
508478,502,127.00,27.05,24.00,0.621,0.132,0.117,no_fruit,no_fruit
509489,503,127.30,27.05,24.10,0.622,0.132,0.118,no_fruit,no_fruit
510499,504,128.00,27.05,24.05,0.626,0.132,0.118,no_fruit,no_fruit
511511,505,128.00,27.05,24.00,0.626,0.132,0.117,no_fruit,no_fruit
512522,506,128.00,27.00,24.10,0.626,0.132,0.118,no_fruit,no_fruit
513532,507,128.05,27.15,24.20,0.626,0.133,0.118,no_fruit,no_fruit
514544,508,128.40,27.05,24.10,0.628,0.132,0.118,no_fruit,no_fruit
515555,509,129.00,27.00,24.15,0.630,0.132,0.118,no_fruit,no_fruit
516566,510,129.00,27.10,24.15,0.630,0.132,0.118,no_fruit,no_fruit
517576,511,129.05,27.10,24.05,0.631,0.132,0.118,no_fruit,no_fruit
518588,512,129.65,27.05,24.05,0.634,0.132,0.118,no_fruit,no_fruit
519599,513,130.00,27.20,24.25,0.635,0.133,0.119,no_fruit,no_fruit
520609,514,130.00,27.15,24.10,0.635,0.133,0.118,no_fruit,no_fruit
521620,515,130.00,27.05,24.05,0.635,0.132,0.118,no_fruit,no_fruit
522632,516,130.80,27.15,24.15,0.639,0.133,0.118,no_fruit,no_fruit
523642,517,131.00,27.20,24.05,0.640,0.133,0.118,no_fruit,no_fruit
524653,518,131.05,27.10,24.10,0.641,0.132,0.118,no_fruit,no_fruit
525665,519,131.25,27.15,24.20,0.641,0.133,0.118,no_fruit,no_fruit
526675,520,131.80,27.05,24.10,0.644,0.132,0.118,no_fruit,no_fruit
527686,521,131.95,27.15,24.20,0.645,0.133,0.118,no_fruit,no_fruit
528697,522,132.00,27.20,24.10,0.645,0.133,0.118,no_fruit,no_fruit
529709,523,132.15,27.15,24.30,0.646,0.133,0.119,no_fruit,no_fruit
530719,524,132.65,27.20,24.20,0.648,0.133,0.118,no_fruit,no_fruit
531730,525,133.00,27.30,24.30,0.650,0.133,0.119,no_fruit,no_fruit
532741,526,133.00,27.30,24.20,0.650,0.133,0.118,no_fruit,no_fruit
533752,527,133.20,27.30,24.20,0.651,0.133,0.118,no_fruit,no_fruit
534763,528,133.65,27.30,24.30,0.653,0.133,0.119,no_fruit,no_fruit
535774,529,134.00,27.40,24.30,0.655,0.134,0.119,no_fruit,no_fruit
536785,530,134.00,27.35,24.25,0.655,0.134,0.119,no_fruit,no_fruit
537796,531,134.05,27.20,24.25,0.655,0.133,0.119,no_fruit,no_fruit
538807,532,134.50,27.40,24.35,0.657,0.134,0.119,no_fruit,no_fruit
539817,533,134.95,27.30,24.40,0.660,0.133,0.119,no_fruit,no_fruit
540829,534,135.00,27.55,24.25,0.660,0.135,0.119,no_fruit,no_fruit
541840,535,135.05,27.30,24.45,0.660,0.133,0.120,no_fruit,no_fruit
542851,536,135.30,27.55,24.35,0.661,0.135,0.119,no_fruit,no_fruit
543861,537,135.85,27.30,24.30,0.664,0.133,0.119,no_fruit,no_fruit
544873,538,136.00,27.50,24.25,0.665,0.134,0.119,no_fruit,no_fruit
545884,539,136.00,27.55,24.40,0.665,0.135,0.119,no_fruit,no_fruit
546894,540,136.15,27.40,24.30,0.665,0.134,0.119,no_fruit,no_fruit
547906,541,136.80,27.65,24.30,0.669,0.135,0.119,no_fruit,no_fruit
548917,542,137.00,27.50,24.40,0.670,0.134,0.119,no_fruit,no_fruit
549927,543,137.00,27.70,24.25,0.670,0.135,0.119,no_fruit,no_fruit
550938,544,137.00,27.75,24.15,0.670,0.136,0.118,no_fruit,no_fruit
551950,545,137.55,27.75,24.50,0.672,0.136,0.120,no_fruit,no_fruit
552961,546,137.90,27.65,24.45,0.674,0.135,0.120,no_fruit,no_fruit
553971,547,138.00,27.50,24.60,0.674,0.134,0.120,no_fruit,no_fruit
554983,548,138.05,27.80,24.35,0.675,0.136,0.119,no_fruit,no_fruit
555994,549,138.35,27.60,24.50,0.676,0.135,0.120,no_fruit,no_fruit
557004,550,138.85,27.65,24.45,0.679,0.135,0.120,no_fruit,no_fruit
558015,551,139.00,27.55,24.40,0.679,0.135,0.119,no_fruit,no_fruit
559027,552,139.00,27.65,24.55,0.679,0.135,0.120,no_fruit,no_fruit
560037,553,139.05,27.80,24.55,0.680,0.136,0.120,no_fruit,no_fruit
561048,554,139.65,27.65,24.60,0.683,0.135,0.120,no_fruit,no_fruit
562059,555,140.00,27.75,24.60,0.684,0.136,0.120,no_fruit,no_fruit
563070,556,140.00,27.80,24.55,0.684,0.136,0.120,no_fruit,no_fruit
564081,557,140.00,27.85,24.50,0.684,0.136,0.120,no_fruit,no_fruit
565092,558,140.40,27.75,24.55,0.686,0.136,0.120,no_fruit,no_fruit
566103,559,140.90,27.55,24.65,0.689,0.135,0.120,no_fruit,no_fruit
567114,560,141.00,27.95,24.60,0.689,0.137,0.120,no_fruit,no_fruit
568125,561,141.05,27.75,24.70,0.689,0.136,0.121,no_fruit,no_fruit
569136,562,141.20,27.85,24.65,0.690,0.136,0.120,no_fruit,no_fruit
570147,563,141.85,27.90,24.70,0.693,0.136,0.121,no_fruit,no_fruit
571158,564,142.00,27.85,24.65,0.694,0.136,0.120,no_fruit,no_fruit
572169,565,142.00,27.90,24.60,0.694,0.136,0.120,no_fruit,no_fruit
573179,566,142.05,27.95,24.60,0.694,0.137,0.120,no_fruit,no_fruit
574191,567,142.45,27.90,24.65,0.696,0.136,0.120,no_fruit,no_fruit
575202,568,143.00,27.95,25.00,0.699,0.137,0.122,no_fruit,no_fruit
576212,569,143.00,27.90,25.00,0.699,0.136,0.122,no_fruit,no_fruit
577223,570,143.10,27.95,25.00,0.699,0.137,0.122,no_fruit,no_fruit
578235,571,143.55,28.00,25.00,0.702,0.137,0.122,no_fruit,no_fruit
579246,572,144.00,28.00,25.00,0.704,0.137,0.122,no_fruit,no_fruit
580256,573,144.00,28.00,25.00,0.704,0.137,0.122,no_fruit,no_fruit
581267,574,144.00,28.00,25.00,0.704,0.137,0.122,no_fruit,no_fruit
582279,575,144.10,28.00,25.00,0.704,0.137,0.122,no_fruit,no_fruit
583289,576,144.50,27.95,25.00,0.706,0.137,0.122,no_fruit,no_fruit
584300,577,144.95,27.90,25.00,0.708,0.136,0.122,no_fruit,no_fruit
585312,578,145.00,28.00,25.00,0.709,0.137,0.122,no_fruit,no_fruit
586322,579,145.00,28.00,25.00,0.709,0.137,0.122,no_fruit,no_fruit
587333,580,145.30,28.00,25.00,0.710,0.137,0.122,no_fruit,no_fruit
588344,581,145.80,27.95,25.00,0.713,0.137,0.122,no_fruit,no_fruit
589356,582,146.00,28.00,25.00,0.714,0.137,0.122,no_fruit,no_fruit
590366,583,146.00,27.95,25.00,0.714,0.137,0.122,no_fruit,no_fruit
591377,584,146.10,28.00,25.00,0.714,0.137,0.122,no_fruit,no_fruit
592388,585,146.45,28.00,25.00,0.716,0.137,0.122,no_fruit,no_fruit
593399,586,143.45,28.25,25.75,0.701,0.138,0.126,no_fruit,no_fruit
594410,587,138.50,28.00,25.30,0.677,0.137,0.124,no_fruit,no_fruit
595421,588,131.70,27.95,24.90,0.644,0.137,0.122,no_fruit,no_fruit
596431,589,126.35,27.70,24.65,0.618,0.135,0.120,no_fruit,no_fruit
597443,590,121.50,27.55,24.25,0.594,0.135,0.119,no_fruit,no_fruit
598454,591,116.20,27.00,24.15,0.568,0.132,0.118,no_fruit,no_fruit
599464,592,113.15,27.05,24.05,0.553,0.132,0.118,no_fruit,no_fruit
600476,593,110.85,27.00,24.00,0.542,0.132,0.117,no_fruit,no_fruit
601487,594,110.05,27.00,24.00,0.538,0.132,0.117,no_fruit,no_fruit
602498,595,111.65,27.05,24.00,0.546,0.132,0.117,no_fruit,no_fruit
603508,596,112.25,27.00,24.00,0.549,0.132,0.117,no_fruit,no_fruit
604520,597,110.30,27.05,24.00,0.539,0.132,0.117,no_fruit,no_fruit
605531,598,107.20,27.00,25.75,0.524,0.132,0.126,no_fruit,no_fruit
606541,599,105.25,27.00,26.00,0.514,0.132,0.127,no_fruit,no_fruit
607552,600,107.80,27.00,25.30,0.527,0.132,0.124,no_fruit,no_fruit
608564,601,111.65,27.00,25.55,0.546,0.132,0.125,no_fruit,no_fruit
609574,602,115.40,27.00,25.70,0.564,0.132,0.126,no_fruit,no_fruit
610585,603,118.70,27.00,25.05,0.580,0.132,0.122,no_fruit,no_fruit
611596,604,120.55,27.10,25.00,0.589,0.132,0.122,no_fruit,no_fruit
612608,605,121.70,27.10,25.05,0.595,0.132,0.122,no_fruit,no_fruit
613618,606,122.50,27.05,25.10,0.599,0.132,0.123,no_fruit,no_fruit
614629,607,123.00,27.10,25.00,0.601,0.132,0.122,no_fruit,no_fruit
615641,608,123.35,27.25,25.00,0.603,0.133,0.122,no_fruit,no_fruit
616651,609,123.95,27.25,25.00,0.606,0.133,0.122,no_fruit,no_fruit
617662,610,124.65,27.25,25.00,0.609,0.133,0.122,no_fruit,no_fruit
618673,611,125.55,27.25,25.00,0.614,0.133,0.122,no_fruit,no_fruit
619684,612,127.30,27.35,25.00,0.622,0.134,0.122,no_fruit,no_fruit
620695,613,128.60,27.40,25.00,0.629,0.134,0.122,no_fruit,no_fruit
621706,614,129.80,27.15,25.00,0.634,0.133,0.122,no_fruit,no_fruit
622716,615,130.55,27.30,25.00,0.638,0.133,0.122,no_fruit,no_fruit
623728,616,131.15,27.25,25.00,0.641,0.133,0.122,no_fruit,no_fruit
624739,617,131.90,27.35,25.00,0.645,0.134,0.122,no_fruit,no_fruit
625750,618,132.00,27.30,25.00,0.645,0.133,0.122,no_fruit,no_fruit
626761,619,132.05,27.50,25.00,0.645,0.134,0.122,no_fruit,no_fruit
627772,620,132.25,27.35,25.00,0.646,0.134,0.122,no_fruit,no_fruit
628783,621,132.30,27.30,25.00,0.647,0.133,0.122,no_fruit,no_fruit
629793,622,132.65,27.30,25.00,0.648,0.133,0.122,no_fruit,no_fruit
630805,623,132.70,27.40,25.00,0.649,0.134,0.122,no_fruit,no_fruit
631816,624,132.90,27.25,25.00,0.650,0.133,0.122,no_fruit,no_fruit
632826,625,132.90,27.40,25.00,0.650,0.134,0.122,no_fruit,no_fruit
633837,626,133.00,27.50,24.95,0.650,0.134,0.122,no_fruit,no_fruit
634849,627,133.00,27.30,25.00,0.650,0.133,0.122,no_fruit,no_fruit
635859,628,133.00,27.30,25.00,0.650,0.133,0.122,no_fruit,no_fruit
636870,629,133.00,27.35,25.00,0.650,0.134,0.122,no_fruit,no_fruit
637881,630,133.00,27.25,25.00,0.650,0.133,0.122,no_fruit,no_fruit
638893,631,133.00,27.45,25.00,0.650,0.134,0.122,no_fruit,no_fruit
639903,632,133.05,27.25,25.00,0.650,0.133,0.122,no_fruit,no_fruit
640914,633,133.20,27.35,25.00,0.651,0.134,0.122,no_fruit,no_fruit
641926,634,133.50,27.55,25.00,0.652,0.135,0.122,no_fruit,no_fruit
642936,635,133.65,27.30,25.00,0.653,0.133,0.122,no_fruit,no_fruit
643947,636,133.95,27.40,25.00,0.655,0.134,0.122,no_fruit,no_fruit
644958,637,134.00,27.40,25.00,0.655,0.134,0.122,no_fruit,no_fruit
645969,638,134.00,27.50,25.00,0.655,0.134,0.122,no_fruit,no_fruit
646980,639,134.00,27.55,25.00,0.655,0.135,0.122,no_fruit,no_fruit
647991,640,134.00,27.45,25.00,0.655,0.134,0.122,no_fruit,no_fruit
649001,641,134.00,27.55,24.95,0.655,0.135,0.122,no_fruit,no_fruit
650013,642,134.00,27.10,25.00,0.655,0.132,0.122,no_fruit,no_fruit
651024,643,134.00,27.40,25.00,0.655,0.134,0.122,no_fruit,no_fruit
652035,644,134.00,27.25,25.00,0.655,0.133,0.122,no_fruit,no_fruit
653045,645,134.05,27.50,25.00,0.655,0.134,0.122,no_fruit,no_fruit
654057,646,134.20,27.45,25.00,0.656,0.134,0.122,no_fruit,no_fruit
655068,647,134.30,27.35,25.00,0.656,0.134,0.122,no_fruit,no_fruit
656078,648,134.80,27.45,24.95,0.659,0.134,0.122,no_fruit,no_fruit
657090,649,134.90,27.25,25.00,0.659,0.133,0.122,no_fruit,no_fruit
658101,650,135.00,27.60,25.00,0.660,0.135,0.122,no_fruit,no_fruit
659111,651,135.00,27.50,25.00,0.660,0.134,0.122,no_fruit,no_fruit
660122,652,135.35,27.30,25.00,0.662,0.133,0.122,no_fruit,no_fruit
661134,653,135.65,27.35,25.00,0.663,0.134,0.122,no_fruit,no_fruit
662145,654,136.00,27.35,24.95,0.665,0.134,0.122,no_fruit,no_fruit
663155,655,136.00,27.40,25.00,0.665,0.134,0.122,no_fruit,no_fruit
664166,656,136.05,27.40,25.00,0.665,0.134,0.122,no_fruit,no_fruit
665178,657,136.25,27.45,25.00,0.666,0.134,0.122,no_fruit,no_fruit
666188,658,136.80,27.50,24.90,0.669,0.134,0.122,no_fruit,no_fruit
667199,659,136.95,27.40,24.95,0.669,0.134,0.122,no_fruit,no_fruit
668211,660,137.00,27.40,25.00,0.670,0.134,0.122,no_fruit,no_fruit
669221,661,137.00,27.45,25.00,0.670,0.134,0.122,no_fruit,no_fruit
670232,662,137.10,27.50,25.00,0.670,0.134,0.122,no_fruit,no_fruit
671243,663,137.60,27.55,25.00,0.673,0.135,0.122,no_fruit,no_fruit
672254,664,137.85,27.60,25.00,0.674,0.135,0.122,no_fruit,no_fruit
673265,665,137.95,27.55,24.95,0.674,0.135,0.122,no_fruit,no_fruit
674276,666,138.00,27.60,25.00,0.674,0.135,0.122,no_fruit,no_fruit
675287,667,138.10,27.50,25.00,0.675,0.134,0.122,no_fruit,no_fruit
676298,668,138.30,27.40,25.00,0.676,0.134,0.122,no_fruit,no_fruit
677309,669,138.95,27.55,25.00,0.679,0.135,0.122,no_fruit,no_fruit
678320,670,139.00,27.65,25.00,0.679,0.135,0.122,no_fruit,no_fruit
679331,671,139.00,27.55,24.95,0.679,0.135,0.122,no_fruit,no_fruit
680342,672,139.00,27.45,25.00,0.679,0.134,0.122,no_fruit,no_fruit
681353,673,139.30,27.65,24.95,0.681,0.135,0.122,no_fruit,no_fruit
682363,674,139.95,27.60,25.00,0.684,0.135,0.122,no_fruit,no_fruit
683375,675,140.00,27.65,25.00,0.684,0.135,0.122,no_fruit,no_fruit
684386,676,140.00,27.70,25.00,0.684,0.135,0.122,no_fruit,no_fruit
685396,677,140.10,27.65,25.00,0.685,0.135,0.122,no_fruit,no_fruit
686407,678,140.40,27.55,25.00,0.686,0.135,0.122,no_fruit,no_fruit
687419,679,140.90,27.60,24.95,0.689,0.135,0.122,no_fruit,no_fruit
688430,680,141.00,27.80,24.95,0.689,0.136,0.122,no_fruit,no_fruit
689440,681,141.05,27.75,24.95,0.689,0.136,0.122,no_fruit,no_fruit
690451,682,141.25,27.65,25.00,0.690,0.135,0.122,no_fruit,no_fruit
691463,683,141.70,27.80,25.00,0.693,0.136,0.122,no_fruit,no_fruit
692473,684,142.00,27.75,24.95,0.694,0.136,0.122,no_fruit,no_fruit
693484,685,142.00,27.75,25.00,0.694,0.136,0.122,no_fruit,no_fruit
694496,686,142.05,27.75,25.00,0.694,0.136,0.122,no_fruit,no_fruit
695506,687,142.45,27.85,24.95,0.696,0.136,0.122,no_fruit,no_fruit
696517,688,143.00,27.80,25.00,0.699,0.136,0.122,no_fruit,no_fruit
697528,689,143.00,27.85,25.00,0.699,0.136,0.122,no_fruit,no_fruit
698540,690,143.20,27.80,25.00,0.700,0.136,0.122,no_fruit,no_fruit
699550,691,143.75,27.85,25.00,0.703,0.136,0.122,no_fruit,no_fruit
700561,692,143.95,27.80,24.95,0.704,0.136,0.122,no_fruit,no_fruit
701572,693,144.00,27.80,25.00,0.704,0.136,0.122,no_fruit,no_fruit
702583,694,144.00,27.90,25.00,0.704,0.136,0.122,no_fruit,no_fruit
703594,695,144.10,27.95,24.95,0.704,0.137,0.122,no_fruit,no_fruit
704605,696,144.75,27.85,25.00,0.707,0.136,0.122,no_fruit,no_fruit
705616,697,144.95,27.95,25.00,0.708,0.137,0.122,no_fruit,no_fruit
706627,698,145.00,28.00,25.00,0.709,0.137,0.122,no_fruit,no_fruit
707638,699,145.15,27.90,25.00,0.709,0.136,0.122,no_fruit,no_fruit
708648,700,145.85,27.85,24.95,0.713,0.136,0.122,no_fruit,no_fruit
709660,701,146.00,28.00,25.00,0.714,0.137,0.122,no_fruit,no_fruit
710671,702,146.00,28.00,25.00,0.714,0.137,0.122,no_fruit,no_fruit
711682,703,146.15,27.95,25.00,0.714,0.137,0.122,no_fruit,no_fruit
712692,704,146.90,27.85,25.00,0.718,0.136,0.122,no_fruit,no_fruit
713704,705,146.90,27.95,25.00,0.718,0.137,0.122,no_fruit,no_fruit
714715,706,147.05,27.90,25.00,0.719,0.136,0.122,no_fruit,no_fruit
715725,707,147.15,27.95,25.00,0.719,0.137,0.122,no_fruit,no_fruit
716736,708,147.85,27.95,24.95,0.723,0.137,0.122,no_fruit,no_fruit
717748,709,148.00,27.95,25.00,0.723,0.137,0.122,no_fruit,no_fruit
718758,710,148.00,28.00,25.00,0.723,0.137,0.122,no_fruit,no_fruit
719769,711,148.00,27.95,25.00,0.723,0.137,0.122,no_fruit,no_fruit
720781,712,148.65,27.90,25.00,0.727,0.136,0.122,no_fruit,no_fruit
721792,713,148.95,28.00,25.00,0.728,0.137,0.122,no_fruit,no_fruit
722802,714,149.00,27.95,24.95,0.728,0.137,0.122,no_fruit,no_fruit
723813,715,149.20,28.00,25.00,0.729,0.137,0.122,no_fruit,no_fruit
724825,716,149.45,28.00,25.00,0.730,0.137,0.122,no_fruit,no_fruit
725835,717,149.30,28.00,25.25,0.730,0.137,0.123,no_fruit,no_fruit
726846,718,146.60,28.00,25.80,0.717,0.137,0.126,no_fruit,no_fruit
727857,719,145.20,28.20,27.10,0.710,0.138,0.132,no_fruit,no_fruit
728868,720,147.15,28.00,27.80,0.719,0.137,0.136,no_fruit,no_fruit
729879,721,145.40,28.00,26.55,0.711,0.137,0.130,no_fruit,no_fruit
730890,722,144.05,28.00,26.15,0.704,0.137,0.128,no_fruit,no_fruit
731901,723,144.00,28.00,26.00,0.704,0.137,0.127,no_fruit,no_fruit
732912,724,143.20,28.00,26.00,0.700,0.137,0.127,no_fruit,no_fruit
733923,725,142.05,28.00,26.00,0.694,0.137,0.127,no_fruit,no_fruit
734934,726,142.00,27.95,26.00,0.694,0.137,0.127,no_fruit,no_fruit
735945,727,142.05,27.95,26.00,0.694,0.137,0.127,no_fruit,no_fruit
736956,728,142.05,27.90,26.00,0.694,0.136,0.127,no_fruit,no_fruit
737967,729,141.00,28.00,26.00,0.689,0.137,0.127,no_fruit,no_fruit
738977,730,140.25,27.80,25.95,0.685,0.136,0.127,no_fruit,no_fruit
739989,731,139.65,27.85,26.00,0.683,0.136,0.127,no_fruit,no_fruit
741000,732,139.00,27.75,25.90,0.679,0.136,0.127,no_fruit,no_fruit
742010,733,138.30,27.90,25.75,0.676,0.136,0.126,no_fruit,no_fruit
743021,734,136.35,27.50,25.70,0.666,0.134,0.126,no_fruit,no_fruit
744033,735,134.10,27.35,25.55,0.655,0.134,0.125,no_fruit,no_fruit
745043,736,132.35,27.25,25.30,0.647,0.133,0.124,no_fruit,no_fruit
746054,737,130.40,27.05,25.10,0.637,0.132,0.123,no_fruit,no_fruit
747066,738,128.65,27.10,25.00,0.629,0.132,0.122,no_fruit,no_fruit
748077,739,127.55,27.10,25.00,0.623,0.132,0.122,no_fruit,no_fruit
749087,740,125.95,27.00,25.00,0.616,0.132,0.122,no_fruit,no_fruit
750098,741,123.85,27.05,25.00,0.605,0.132,0.122,no_fruit,no_fruit
751110,742,121.40,27.00,25.00,0.593,0.132,0.122,no_fruit,no_fruit
752120,743,120.10,27.00,25.00,0.587,0.132,0.122,no_fruit,no_fruit
753131,744,120.05,27.00,24.95,0.587,0.132,0.122,no_fruit,no_fruit
754142,745,120.20,27.00,24.90,0.587,0.132,0.122,no_fruit,no_fruit
755153,746,118.55,27.00,24.95,0.579,0.132,0.122,no_fruit,no_fruit
756164,747,115.75,27.00,24.80,0.566,0.132,0.121,no_fruit,no_fruit
757175,748,112.95,27.00,24.80,0.552,0.132,0.121,no_fruit,no_fruit
758187,749,111.20,27.00,24.50,0.543,0.132,0.120,no_fruit,no_fruit
759197,750,109.90,26.95,24.25,0.537,0.132,0.119,no_fruit,no_fruit
760208,751,108.75,27.00,24.65,0.532,0.132,0.120,no_fruit,no_fruit
761219,752,107.70,26.80,24.20,0.526,0.131,0.118,no_fruit,no_fruit
762230,753,106.55,26.70,24.10,0.521,0.130,0.118,no_fruit,no_fruit
763241,754,105.65,26.80,24.15,0.516,0.131,0.118,no_fruit,no_fruit
764252,755,105.00,26.45,24.15,0.513,0.129,0.118,no_fruit,no_fruit
765262,756,104.40,26.50,24.00,0.510,0.130,0.117,no_fruit,no_fruit
766274,757,104.00,26.40,24.00,0.508,0.129,0.117,no_fruit,no_fruit
767285,758,103.40,26.40,24.00,0.505,0.129,0.117,no_fruit,no_fruit
768295,759,102.60,26.25,24.15,0.501,0.128,0.118,no_fruit,no_fruit
769306,760,101.75,26.25,24.00,0.497,0.128,0.117,no_fruit,no_fruit
770318,761,100.70,26.10,24.00,0.492,0.128,0.117,no_fruit,no_fruit
771329,762,99.95,26.00,24.00,0.489,0.127,0.117,no_fruit,no_fruit
772339,763,99.15,26.05,24.00,0.485,0.127,0.117,no_fruit,no_fruit
773350,764,98.95,26.10,24.00,0.484,0.128,0.117,no_fruit,no_fruit
774362,765,98.95,26.15,24.00,0.484,0.128,0.117,no_fruit,no_fruit
775372,766,98.90,26.05,24.00,0.483,0.127,0.117,no_fruit,no_fruit
776383,767,98.20,26.00,24.00,0.480,0.127,0.117,no_fruit,no_fruit
777394,768,97.70,26.00,24.00,0.478,0.127,0.117,no_fruit,no_fruit
778405,769,97.00,26.05,24.00,0.474,0.127,0.117,no_fruit,no_fruit
779416,770,96.30,26.00,24.00,0.471,0.127,0.117,no_fruit,no_fruit
780427,771,96.15,26.00,24.00,0.470,0.127,0.117,no_fruit,no_fruit
781437,772,96.05,26.00,24.00,0.469,0.127,0.117,no_fruit,no_fruit
782448,773,96.35,26.00,24.00,0.471,0.127,0.117,no_fruit,no_fruit
783460,774,96.70,26.00,24.00,0.473,0.127,0.117,no_fruit,no_fruit
784471,775,96.30,26.00,24.00,0.471,0.127,0.117,no_fruit,no_fruit
785481,776,96.00,26.00,24.00,0.469,0.127,0.117,no_fruit,no_fruit
786492,777,95.20,26.00,24.00,0.465,0.127,0.117,no_fruit,no_fruit
787503,778,94.10,26.00,24.00,0.460,0.127,0.117,no_fruit,no_fruit
788514,779,93.65,26.00,24.00,0.458,0.127,0.117,no_fruit,no_fruit
789525,780,93.00,26.00,24.00,0.455,0.127,0.117,no_fruit,no_fruit
790536,781,92.85,26.00,23.95,0.454,0.127,0.117,no_fruit,no_fruit
791546,782,92.40,26.00,24.00,0.452,0.127,0.117,no_fruit,no_fruit
792558,783,91.95,26.00,24.00,0.449,0.127,0.117,no_fruit,no_fruit
793569,784,91.40,26.00,23.95,0.447,0.127,0.117,no_fruit,no_fruit
794579,785,91.00,26.00,24.00,0.445,0.127,0.117,no_fruit,no_fruit
795590,786,91.00,26.00,24.00,0.445,0.127,0.117,no_fruit,no_fruit
796601,787,91.15,26.00,24.00,0.446,0.127,0.117,no_fruit,no_fruit
797613,788,91.10,25.95,24.00,0.445,0.127,0.117,no_fruit,no_fruit
798623,789,91.00,26.00,23.90,0.445,0.127,0.117,no_fruit,no_fruit
799634,790,91.20,26.00,23.90,0.446,0.127,0.117,no_fruit,no_fruit
800645,791,92.00,26.00,23.95,0.450,0.127,0.117,no_fruit,no_fruit
801656,792,92.75,26.00,23.90,0.453,0.127,0.117,no_fruit,no_fruit
802667,793,92.95,26.00,24.00,0.454,0.127,0.117,no_fruit,no_fruit
803678,794,92.45,26.00,23.90,0.452,0.127,0.117,no_fruit,no_fruit
804688,795,92.15,26.00,24.00,0.450,0.127,0.117,no_fruit,no_fruit
805699,796,92.00,26.00,23.90,0.450,0.127,0.117,no_fruit,no_fruit
806711,797,91.90,26.00,23.85,0.449,0.127,0.117,no_fruit,no_fruit
807721,798,91.20,26.00,23.80,0.446,0.127,0.116,no_fruit,no_fruit
808732,799,90.90,25.90,23.75,0.444,0.127,0.116,no_fruit,no_fruit
809743,800,90.35,26.00,23.75,0.442,0.127,0.116,no_fruit,no_fruit
810754,801,90.00,26.00,23.65,0.440,0.127,0.116,no_fruit,no_fruit
811765,802,90.00,25.90,23.60,0.440,0.127,0.115,no_fruit,no_fruit
812776,803,90.05,26.00,23.60,0.440,0.127,0.115,no_fruit,no_fruit
813787,804,89.90,25.85,23.30,0.439,0.126,0.114,no_fruit,no_fruit
814797,805,89.20,26.00,23.60,0.436,0.127,0.115,no_fruit,no_fruit
815809,806,88.90,25.95,23.85,0.435,0.127,0.117,no_fruit,no_fruit
816820,807,88.30,25.95,23.45,0.432,0.127,0.115,no_fruit,no_fruit
817830,808,88.05,25.90,23.60,0.430,0.127,0.115,no_fruit,no_fruit
818841,809,88.00,25.95,23.45,0.430,0.127,0.115,no_fruit,no_fruit
819853,810,87.50,25.85,23.60,0.428,0.126,0.115,no_fruit,no_fruit
820864,811,87.10,25.95,23.50,0.426,0.127,0.115,no_fruit,no_fruit
821874,812,87.15,25.95,23.50,0.426,0.127,0.115,no_fruit,no_fruit
822885,813,88.00,25.95,23.45,0.430,0.127,0.115,no_fruit,no_fruit
823896,814,88.00,25.85,23.55,0.430,0.126,0.115,no_fruit,no_fruit
824907,815,88.85,25.85,23.30,0.434,0.126,0.114,no_fruit,no_fruit
825918,816,88.90,25.90,23.55,0.435,0.127,0.115,no_fruit,no_fruit
826929,817,88.15,25.90,23.35,0.431,0.127,0.114,no_fruit,no_fruit
827939,818,88.00,25.65,23.25,0.430,0.125,0.114,no_fruit,no_fruit
828951,819,87.90,25.90,23.25,0.430,0.127,0.114,no_fruit,no_fruit
829962,820,87.25,25.85,23.30,0.426,0.126,0.114,no_fruit,no_fruit
830972,821,87.05,25.80,23.20,0.425,0.126,0.113,no_fruit,no_fruit
831983,822,87.10,25.90,23.20,0.426,0.127,0.113,no_fruit,no_fruit
832995,823,86.95,25.65,23.15,0.425,0.125,0.113,no_fruit,no_fruit
834006,824,86.10,25.75,23.05,0.421,0.126,0.113,no_fruit,no_fruit
835016,825,85.65,25.70,23.10,0.419,0.126,0.113,no_fruit,no_fruit
836027,826,85.15,25.55,23.10,0.416,0.125,0.113,no_fruit,no_fruit
837039,827,85.15,25.40,23.15,0.416,0.124,0.113,no_fruit,no_fruit
838049,828,85.75,25.55,23.10,0.419,0.125,0.113,no_fruit,no_fruit
839060,829,86.00,25.40,23.10,0.420,0.124,0.113,no_fruit,no_fruit
840071,830,86.00,25.55,23.15,0.420,0.125,0.113,no_fruit,no_fruit
841081,831,86.00,25.45,23.20,0.420,0.124,0.113,no_fruit,no_fruit
842093,832,85.85,25.45,23.20,0.420,0.124,0.113,no_fruit,no_fruit
843104,833,85.80,25.50,23.10,0.419,0.125,0.113,no_fruit,no_fruit
844114,834,86.00,25.40,23.10,0.420,0.124,0.113,no_fruit,no_fruit
845125,835,85.95,25.30,23.05,0.420,0.124,0.113,no_fruit,no_fruit
846137,836,85.30,25.25,23.05,0.417,0.123,0.113,no_fruit,no_fruit
847148,837,85.00,25.45,23.00,0.415,0.124,0.112,no_fruit,no_fruit
848158,838,84.25,25.25,23.05,0.412,0.123,0.113,no_fruit,no_fruit
849169,839,84.00,25.20,23.00,0.411,0.123,0.112,no_fruit,no_fruit
850181,840,83.20,25.15,23.00,0.407,0.123,0.112,no_fruit,no_fruit
851191,841,82.95,25.25,23.10,0.405,0.123,0.113,no_fruit,no_fruit
852202,842,82.50,25.10,23.10,0.403,0.123,0.113,no_fruit,no_fruit
853213,843,82.00,25.15,23.00,0.401,0.123,0.112,no_fruit,no_fruit
854223,844,81.80,25.05,23.00,0.400,0.122,0.112,no_fruit,no_fruit
855235,845,81.30,25.00,23.00,0.397,0.122,0.112,no_fruit,no_fruit
856246,846,81.10,25.05,23.00,0.396,0.122,0.112,no_fruit,no_fruit
857256,847,81.70,25.00,23.05,0.399,0.122,0.113,no_fruit,no_fruit
858267,848,82.00,25.10,23.00,0.401,0.123,0.112,no_fruit,no_fruit
859279,849,89.25,25.10,23.30,0.436,0.123,0.114,no_fruit,no_fruit
860290,850,94.80,25.10,23.90,0.463,0.123,0.117,no_fruit,no_fruit
861300,851,88.50,25.15,24.00,0.433,0.123,0.117,no_fruit,no_fruit
862311,852,105.30,25.20,24.00,0.515,0.123,0.117,no_fruit,no_fruit
863323,853,105.20,25.15,24.70,0.514,0.123,0.121,no_fruit,no_fruit
864333,854,103.85,25.10,24.90,0.508,0.123,0.122,no_fruit,no_fruit
865344,855,107.30,25.00,24.15,0.524,0.122,0.118,no_fruit,no_fruit
866355,856,107.20,25.15,24.00,0.524,0.123,0.117,no_fruit,no_fruit
867366,857,106.85,25.10,24.00,0.522,0.123,0.117,no_fruit,no_fruit
868377,858,106.00,25.05,24.00,0.518,0.122,0.117,no_fruit,no_fruit
869388,859,106.65,25.15,23.95,0.521,0.123,0.117,no_fruit,no_fruit
870400,860,106.80,25.00,24.00,0.522,0.122,0.117,no_fruit,no_fruit
871410,861,105.35,25.00,24.00,0.515,0.122,0.117,no_fruit,no_fruit
872421,862,106.20,25.00,23.95,0.519,0.122,0.117,no_fruit,no_fruit
873432,863,105.20,25.05,24.00,0.514,0.122,0.117,no_fruit,no_fruit
874443,864,105.00,25.00,24.00,0.513,0.122,0.117,no_fruit,no_fruit
875454,865,105.65,25.00,23.95,0.516,0.122,0.117,no_fruit,no_fruit
876465,866,106.05,25.05,24.25,0.518,0.122,0.119,no_fruit,no_fruit
877475,867,114.40,25.15,23.85,0.559,0.123,0.117,no_fruit,no_fruit
878487,868,112.90,25.25,23.70,0.552,0.123,0.116,no_fruit,no_fruit
879498,869,97.70,25.00,23.90,0.478,0.122,0.117,no_fruit,no_fruit
880508,870,88.00,25.15,24.70,0.430,0.123,0.121,no_fruit,no_fruit
881519,871,84.80,25.15,25.85,0.414,0.123,0.126,no_fruit,no_fruit
882531,872,87.90,25.10,24.30,0.430,0.123,0.119,no_fruit,no_fruit
883542,873,90.70,25.25,24.10,0.443,0.123,0.118,no_fruit,no_fruit
884552,874,97.55,25.45,23.10,0.477,0.124,0.113,no_fruit,no_fruit
885563,875,120.15,25.25,23.00,0.587,0.123,0.112,no_fruit,no_fruit
886575,876,114.45,25.20,23.20,0.559,0.123,0.113,no_fruit,no_fruit
887585,877,91.10,25.55,23.60,0.445,0.125,0.115,no_fruit,no_fruit
888596,878,88.30,25.90,23.85,0.432,0.127,0.117,no_fruit,no_fruit
889607,879,89.95,26.00,23.70,0.440,0.127,0.116,no_fruit,no_fruit
890618,880,90.85,26.00,23.95,0.444,0.127,0.117,no_fruit,no_fruit
891629,881,92.40,26.00,24.00,0.452,0.127,0.117,no_fruit,no_fruit
892640,882,93.70,26.00,23.90,0.458,0.127,0.117,no_fruit,no_fruit
893650,883,95.55,26.00,23.95,0.467,0.127,0.117,no_fruit,no_fruit
894661,884,96.70,26.05,23.85,0.473,0.127,0.117,no_fruit,no_fruit
895673,885,97.80,26.05,23.80,0.478,0.127,0.116,no_fruit,no_fruit
896684,886,98.65,26.00,23.80,0.482,0.127,0.116,no_fruit,no_fruit
897694,887,99.70,26.15,23.85,0.487,0.128,0.117,no_fruit,no_fruit
898705,888,100.20,26.10,23.80,0.490,0.128,0.116,no_fruit,no_fruit
899717,889,101.15,26.05,23.80,0.494,0.127,0.116,no_fruit,no_fruit
900727,890,102.00,26.20,23.90,0.499,0.128,0.117,no_fruit,no_fruit
901738,891,102.25,26.30,23.80,0.500,0.129,0.116,no_fruit,no_fruit
902750,892,103.55,26.40,23.80,0.506,0.129,0.116,no_fruit,no_fruit
903760,893,103.20,26.40,23.90,0.504,0.129,0.117,no_fruit,no_fruit
904771,894,103.85,26.00,23.85,0.508,0.127,0.117,no_fruit,no_fruit
905782,895,102.20,26.00,23.30,0.500,0.127,0.114,no_fruit,no_fruit
906793,896,96.35,26.00,23.00,0.471,0.127,0.112,no_fruit,no_fruit
907804,897,93.40,26.00,23.00,0.457,0.127,0.112,no_fruit,no_fruit
908815,898,94.75,26.05,23.10,0.463,0.127,0.113,no_fruit,no_fruit
909826,899,99.85,26.00,23.40,0.488,0.127,0.114,no_fruit,no_fruit
910836,900,118.20,26.00,23.00,0.578,0.127,0.112,no_fruit,no_fruit
911848,901,130.95,26.00,23.05,0.640,0.127,0.113,no_fruit,no_fruit
912859,902,133.30,26.00,23.00,0.652,0.127,0.112,no_fruit,no_fruit
913869,903,129.45,26.00,23.00,0.633,0.127,0.112,no_fruit,no_fruit
914881,904,128.25,26.00,22.95,0.627,0.127,0.112,no_fruit,no_fruit
915892,905,137.20,26.00,23.00,0.671,0.127,0.112,no_fruit,no_fruit
916902,906,132.60,26.00,23.00,0.648,0.127,0.112,no_fruit,no_fruit
917913,907,134.80,26.00,23.00,0.659,0.127,0.112,no_fruit,no_fruit
918925,908,134.10,26.00,23.00,0.655,0.127,0.112,no_fruit,no_fruit
919936,909,133.15,25.95,23.00,0.651,0.127,0.112,no_fruit,no_fruit
920946,910,135.85,26.00,23.00,0.664,0.127,0.112,no_fruit,no_fruit
921957,911,136.80,26.00,23.00,0.669,0.127,0.112,no_fruit,no_fruit
922969,912,136.90,26.00,23.00,0.669,0.127,0.112,no_fruit,no_fruit
923979,913,135.00,26.00,23.00,0.660,0.127,0.112,no_fruit,no_fruit
924990,914,130.50,26.00,23.00,0.638,0.127,0.112,no_fruit,no_fruit
926001,915,110.35,25.90,22.90,0.539,0.127,0.112,no_fruit,no_fruit
927012,916,93.35,26.00,23.25,0.456,0.127,0.114,no_fruit,no_fruit
928023,917,97.20,25.95,23.10,0.475,0.127,0.113,no_fruit,no_fruit
929034,918,96.90,26.00,23.15,0.474,0.127,0.113,no_fruit,no_fruit
930044,919,101.20,25.90,23.00,0.495,0.127,0.112,no_fruit,no_fruit
931056,920,95.20,25.90,22.90,0.465,0.127,0.112,no_fruit,no_fruit
932067,921,98.55,25.95,22.80,0.482,0.127,0.111,no_fruit,no_fruit
933078,922,97.85,26.00,22.95,0.478,0.127,0.112,no_fruit,no_fruit
934088,923,95.25,26.00,22.90,0.466,0.127,0.112,no_fruit,no_fruit
935100,924,93.85,25.95,23.00,0.459,0.127,0.112,no_fruit,no_fruit
936111,925,93.10,25.95,23.05,0.455,0.127,0.113,no_fruit,no_fruit
937121,926,92.55,26.00,23.15,0.452,0.127,0.113,no_fruit,no_fruit
938132,927,91.00,26.00,23.15,0.445,0.127,0.113,no_fruit,no_fruit
939143,928,91.15,26.00,23.20,0.446,0.127,0.113,no_fruit,no_fruit
940154,929,95.80,26.00,23.25,0.468,0.127,0.114,no_fruit,no_fruit
941165,930,86.30,26.00,23.55,0.422,0.127,0.115,no_fruit,no_fruit
942176,931,95.85,26.00,23.05,0.468,0.127,0.113,no_fruit,no_fruit
943186,932,110.85,25.95,23.00,0.542,0.127,0.112,no_fruit,no_fruit
944198,933,114.45,25.85,22.75,0.559,0.126,0.111,no_fruit,no_fruit
945209,934,109.50,25.90,22.95,0.535,0.127,0.112,no_fruit,no_fruit
946220,935,88.05,26.00,22.90,0.430,0.127,0.112,no_fruit,no_fruit
947230,936,97.25,26.00,22.85,0.475,0.127,0.112,no_fruit,no_fruit
948242,937,96.80,25.80,22.95,0.473,0.126,0.112,no_fruit,no_fruit
949253,938,93.35,26.00,22.80,0.456,0.127,0.111,no_fruit,no_fruit
950263,939,91.45,26.00,22.85,0.447,0.127,0.112,no_fruit,no_fruit
951274,940,89.95,25.80,22.70,0.440,0.126,0.111,no_fruit,no_fruit
952286,941,89.85,25.90,22.70,0.439,0.127,0.111,no_fruit,no_fruit
953296,942,89.45,25.95,22.85,0.437,0.127,0.112,no_fruit,no_fruit
954307,943,87.45,25.75,22.95,0.427,0.126,0.112,no_fruit,no_fruit
955318,944,87.55,25.75,22.70,0.428,0.126,0.111,no_fruit,no_fruit
956329,945,87.15,25.70,22.65,0.426,0.126,0.111,no_fruit,no_fruit
957340,946,87.60,25.75,22.70,0.428,0.126,0.111,no_fruit,no_fruit
958351,947,88.00,25.70,22.60,0.430,0.126,0.110,no_fruit,no_fruit
959362,948,88.20,25.75,22.90,0.431,0.126,0.112,no_fruit,no_fruit
960372,949,89.00,25.65,22.75,0.435,0.125,0.111,no_fruit,no_fruit
961384,950,89.80,25.70,22.80,0.439,0.126,0.111,no_fruit,no_fruit
962395,951,90.00,25.65,22.80,0.440,0.125,0.111,no_fruit,no_fruit
963405,952,89.85,25.60,22.80,0.439,0.125,0.111,no_fruit,no_fruit
964416,953,89.00,25.60,22.50,0.435,0.125,0.110,no_fruit,no_fruit
965428,954,88.90,25.60,22.40,0.435,0.125,0.109,no_fruit,no_fruit
966438,955,89.00,25.65,22.75,0.435,0.125,0.111,no_fruit,no_fruit
967449,956,88.95,25.35,22.40,0.435,0.124,0.109,no_fruit,no_fruit
968460,957,88.95,25.50,22.40,0.435,0.125,0.109,no_fruit,no_fruit
969472,958,89.05,25.20,22.40,0.435,0.123,0.109,no_fruit,no_fruit
970482,959,89.95,25.40,22.60,0.440,0.124,0.110,no_fruit,no_fruit
971493,960,90.05,25.40,22.35,0.440,0.124,0.109,no_fruit,no_fruit
972504,961,92.90,25.20,22.30,0.454,0.123,0.109,no_fruit,no_fruit
973514,962,151.70,25.35,22.20,0.741,0.124,0.109,no_fruit,no_fruit
974526,963,163.60,25.50,22.00,0.800,0.125,0.108,no_fruit,no_fruit
975537,964,166.35,25.25,22.35,0.813,0.123,0.109,no_fruit,no_fruit
976547,965,131.60,25.50,22.25,0.643,0.125,0.109,no_fruit,no_fruit
977559,966,129.40,25.40,22.10,0.632,0.124,0.108,no_fruit,no_fruit
978570,967,131.40,25.55,22.15,0.642,0.125,0.108,no_fruit,no_fruit
979580,968,136.35,25.50,22.15,0.666,0.125,0.108,no_fruit,no_fruit
980591,969,135.75,25.35,22.30,0.663,0.124,0.109,no_fruit,no_fruit
981603,970,139.65,25.30,22.10,0.683,0.124,0.108,no_fruit,no_fruit
982614,971,130.35,25.25,22.15,0.637,0.123,0.108,no_fruit,no_fruit
983624,972,130.65,25.35,22.05,0.639,0.124,0.108,no_fruit,no_fruit
984636,973,133.60,25.20,22.15,0.653,0.123,0.108,no_fruit,no_fruit
985647,974,143.30,25.30,22.15,0.700,0.124,0.108,no_fruit,no_fruit
986657,975,143.35,25.40,22.05,0.701,0.124,0.108,no_fruit,no_fruit
987668,976,137.10,25.20,22.05,0.670,0.123,0.108,no_fruit,no_fruit
988680,977,135.75,25.25,22.05,0.663,0.123,0.108,no_fruit,no_fruit
989690,978,139.75,25.30,22.00,0.683,0.124,0.108,no_fruit,no_fruit
990701,979,137.40,25.20,22.00,0.672,0.123,0.108,no_fruit,no_fruit
991713,980,145.35,25.45,22.15,0.710,0.124,0.108,no_fruit,no_fruit
992723,981,150.60,25.35,22.05,0.736,0.124,0.108,no_fruit,no_fruit
993734,982,148.35,25.45,22.05,0.725,0.124,0.108,no_fruit,no_fruit
994745,983,147.70,25.25,22.10,0.722,0.123,0.108,no_fruit,no_fruit
995757,984,148.45,25.20,22.15,0.726,0.123,0.108,no_fruit,no_fruit
996767,985,156.55,25.25,22.10,0.765,0.123,0.108,no_fruit,no_fruit
997778,986,160.85,25.35,22.00,0.786,0.124,0.108,no_fruit,no_fruit
998790,987,159.00,25.20,22.05,0.777,0.123,0.108,no_fruit,no_fruit
999800,988,163.15,25.30,22.00,0.797,0.124,0.108,no_fruit,no_fruit
1000811,989,166.35,25.30,22.10,0.813,0.124,0.108,no_fruit,no_fruit
1001822,990,180.45,25.35,22.05,0.882,0.124,0.108,no_fruit,no_fruit
1002833,991,161.60,25.30,22.05,0.790,0.124,0.108,no_fruit,no_fruit
1003844,992,157.60,25.30,22.10,0.770,0.124,0.108,no_fruit,no_fruit
1004855,993,171.70,25.20,22.10,0.839,0.123,0.108,no_fruit,no_fruit
1005867,994,175.40,25.20,22.05,0.857,0.123,0.108,no_fruit,no_fruit
1006877,995,181.70,25.25,22.00,0.888,0.123,0.108,no_fruit,no_fruit
1007888,996,186.55,25.40,22.10,0.912,0.124,0.108,no_fruit,no_fruit
1008900,997,171.40,25.55,22.05,0.838,0.125,0.108,no_fruit,no_fruit
1009910,998,178.20,25.65,22.10,0.871,0.125,0.108,no_fruit,no_fruit
1010921,999,170.65,25.65,22.00,0.834,0.125,0.108,no_fruit,no_fruit
1011933,1000,180.85,25.55,22.10,0.884,0.125,0.108,no_fruit,no_fruit
1012943,1001,117.25,25.65,22.70,0.573,0.125,0.111,no_fruit,no_fruit
1013954,1002,89.85,25.90,23.40,0.439,0.127,0.114,no_fruit,no_fruit
1014966,1003,90.25,25.80,23.10,0.441,0.126,0.113,no_fruit,no_fruit
1015976,1004,90.00,25.70,23.00,0.440,0.126,0.112,no_fruit,no_fruit
1016987,1005,90.00,25.55,23.00,0.440,0.125,0.112,no_fruit,no_fruit
1017998,1006,89.95,25.45,22.95,0.440,0.124,0.112,no_fruit,no_fruit
1019010,1007,92.85,25.20,22.95,0.454,0.123,0.112,no_fruit,no_fruit
1020020,1008,88.00,25.10,22.25,0.430,0.123,0.109,no_fruit,no_fruit
1021031,1009,88.60,25.10,22.35,0.433,0.123,0.109,no_fruit,no_fruit
1022043,1010,89.45,25.15,22.30,0.437,0.123,0.109,no_fruit,no_fruit
1023053,1011,90.40,25.10,22.40,0.442,0.123,0.109,no_fruit,no_fruit
1024064,1012,91.15,25.20,22.15,0.446,0.123,0.108,no_fruit,no_fruit
1025076,1013,89.90,25.20,22.25,0.439,0.123,0.109,no_fruit,no_fruit
1026086,1014,89.05,25.05,22.10,0.435,0.122,0.108,no_fruit,no_fruit
1027097,1015,88.50,25.25,22.35,0.433,0.123,0.109,no_fruit,no_fruit
1028109,1016,88.15,25.25,22.60,0.431,0.123,0.110,no_fruit,no_fruit
1029120,1017,86.70,25.10,23.00,0.424,0.123,0.112,no_fruit,no_fruit
1030130,1018,85.70,25.10,22.50,0.419,0.123,0.110,no_fruit,no_fruit
1031142,1019,84.55,25.00,22.30,0.413,0.122,0.109,no_fruit,no_fruit
1032153,1020,84.25,25.00,22.85,0.412,0.122,0.112,no_fruit,no_fruit
1033163,1021,85.00,25.00,22.75,0.415,0.122,0.111,no_fruit,no_fruit
1034175,1022,85.95,25.10,22.95,0.420,0.123,0.112,no_fruit,no_fruit
1035186,1023,85.85,25.05,23.00,0.420,0.122,0.112,no_fruit,no_fruit
1036196,1024,85.70,25.10,23.00,0.419,0.123,0.112,no_fruit,no_fruit
1037208,1025,84.85,25.25,23.00,0.415,0.123,0.112,no_fruit,no_fruit
1038219,1026,84.20,26.00,23.00,0.412,0.127,0.112,no_fruit,no_fruit
1039229,1027,84.05,25.55,22.85,0.411,0.125,0.112,no_fruit,no_fruit
1040241,1028,83.10,25.45,22.90,0.406,0.124,0.112,no_fruit,no_fruit
1041252,1029,82.05,25.50,22.60,0.401,0.125,0.110,no_fruit,no_fruit
1042263,1030,81.40,25.50,23.10,0.398,0.125,0.113,no_fruit,no_fruit
1043274,1031,85.35,25.30,23.00,0.417,0.124,0.112,no_fruit,no_fruit
1044285,1032,89.55,25.65,23.00,0.438,0.125,0.112,no_fruit,no_fruit
1045296,1033,93.30,25.80,23.00,0.456,0.126,0.112,no_fruit,no_fruit
1046307,1034,96.55,25.95,23.00,0.472,0.127,0.112,no_fruit,no_fruit
1047318,1035,99.75,26.00,23.00,0.488,0.127,0.112,no_fruit,no_fruit
1048329,1036,102.25,25.90,23.00,0.500,0.127,0.112,no_fruit,no_fruit
1049340,1037,104.75,26.00,23.00,0.512,0.127,0.112,no_fruit,no_fruit
1050351,1038,107.00,26.00,23.00,0.523,0.127,0.112,no_fruit,no_fruit
1051362,1039,108.70,26.00,23.00,0.531,0.127,0.112,no_fruit,no_fruit
1052374,1040,108.95,26.00,22.95,0.533,0.127,0.112,no_fruit,no_fruit
1053384,1041,108.25,26.00,23.35,0.529,0.127,0.114,no_fruit,no_fruit
1054395,1042,100.35,26.00,23.00,0.490,0.127,0.112,no_fruit,no_fruit
1055407,1043,94.95,26.00,22.90,0.464,0.127,0.112,no_fruit,no_fruit
1056417,1044,91.55,25.90,22.45,0.447,0.127,0.110,no_fruit,no_fruit
1057428,1045,89.20,25.95,22.20,0.436,0.127,0.109,no_fruit,no_fruit
1058440,1046,87.85,26.00,22.65,0.429,0.127,0.111,no_fruit,no_fruit
1059450,1047,86.50,26.00,22.55,0.423,0.127,0.110,no_fruit,no_fruit
1060461,1048,85.90,25.90,22.55,0.420,0.127,0.110,no_fruit,no_fruit
1061473,1049,84.50,25.80,22.45,0.413,0.126,0.110,no_fruit,no_fruit
1062483,1050,83.95,25.85,22.75,0.410,0.126,0.111,no_fruit,no_fruit
1063494,1051,84.75,25.95,23.95,0.414,0.127,0.117,no_fruit,no_fruit
1064506,1052,86.75,26.00,24.00,0.424,0.127,0.117,no_fruit,no_fruit
1065517,1053,88.25,26.00,23.95,0.431,0.127,0.117,no_fruit,no_fruit
1066527,1054,89.00,26.00,23.95,0.435,0.127,0.117,no_fruit,no_fruit
1067538,1055,88.75,26.00,23.95,0.434,0.127,0.117,no_fruit,no_fruit
1068550,1056,89.20,26.00,23.90,0.436,0.127,0.117,no_fruit,no_fruit
1069560,1057,90.40,26.00,24.00,0.442,0.127,0.117,no_fruit,no_fruit
1070571,1058,92.00,26.00,24.00,0.450,0.127,0.117,no_fruit,no_fruit
1071583,1059,93.20,26.00,23.95,0.456,0.127,0.117,no_fruit,no_fruit
1072593,1060,94.50,26.00,24.00,0.462,0.127,0.117,no_fruit,no_fruit
1073604,1061,96.10,26.00,24.00,0.470,0.127,0.117,no_fruit,no_fruit
1074616,1062,97.20,26.00,23.95,0.475,0.127,0.117,no_fruit,no_fruit
1075627,1063,97.95,26.00,23.90,0.479,0.127,0.117,no_fruit,no_fruit
1076637,1064,98.40,26.05,24.00,0.481,0.127,0.117,no_fruit,no_fruit
1077649,1065,98.80,26.00,23.95,0.483,0.127,0.117,no_fruit,no_fruit
1078660,1066,99.20,26.00,24.00,0.485,0.127,0.117,no_fruit,no_fruit
1079670,1067,99.75,26.00,24.00,0.488,0.127,0.117,no_fruit,no_fruit
1080681,1068,99.85,26.00,24.00,0.488,0.127,0.117,no_fruit,no_fruit
1081693,1069,97.40,26.00,24.20,0.476,0.127,0.118,no_fruit,no_fruit
1082703,1070,92.85,26.05,23.35,0.454,0.127,0.114,no_fruit,no_fruit
1083714,1071,90.10,26.00,22.95,0.440,0.127,0.112,no_fruit,no_fruit
1084726,1072,88.15,26.00,23.00,0.431,0.127,0.112,no_fruit,no_fruit
1085736,1073,86.50,26.00,22.85,0.423,0.127,0.112,no_fruit,no_fruit
1086747,1074,85.25,26.00,22.75,0.417,0.127,0.111,no_fruit,no_fruit
1087759,1075,84.50,25.95,22.75,0.413,0.127,0.111,no_fruit,no_fruit
1088770,1076,83.65,26.00,22.60,0.409,0.127,0.110,no_fruit,no_fruit
1089780,1077,83.05,26.00,22.35,0.406,0.127,0.109,no_fruit,no_fruit
1090792,1078,82.15,25.80,22.05,0.402,0.126,0.108,no_fruit,no_fruit
1091803,1079,81.75,25.85,22.10,0.400,0.126,0.108,no_fruit,no_fruit
1092813,1080,81.00,25.85,22.10,0.396,0.126,0.108,no_fruit,no_fruit
1093824,1081,80.50,25.70,22.00,0.393,0.126,0.108,no_fruit,no_fruit
1094836,1082,80.00,25.40,22.05,0.391,0.124,0.108,no_fruit,no_fruit
1095846,1083,80.00,25.75,22.10,0.391,0.126,0.108,no_fruit,no_fruit
1096857,1084,79.60,25.45,22.00,0.389,0.124,0.108,no_fruit,no_fruit
1097869,1085,79.35,25.55,22.00,0.388,0.125,0.108,no_fruit,no_fruit
1098880,1086,79.90,25.35,22.05,0.391,0.124,0.108,no_fruit,no_fruit
1099890,1087,80.00,25.30,22.05,0.391,0.124,0.108,no_fruit,no_fruit
1100902,1088,79.85,25.45,22.00,0.390,0.124,0.108,no_fruit,no_fruit
1101913,1089,79.05,25.40,22.00,0.386,0.124,0.108,no_fruit,no_fruit
1102923,1090,78.75,25.30,22.00,0.385,0.124,0.108,no_fruit,no_fruit
1103935,1091,78.05,25.20,22.00,0.381,0.123,0.108,no_fruit,no_fruit
1104946,1092,78.00,25.20,22.05,0.381,0.123,0.108,no_fruit,no_fruit
1105956,1093,124.85,25.70,22.80,0.610,0.126,0.111,no_fruit,no_fruit
1106968,1094,77.60,25.30,22.05,0.379,0.124,0.108,no_fruit,no_fruit
1107979,1095,80.00,25.35,22.10,0.391,0.124,0.108,no_fruit,no_fruit
1108989,1096,81.65,25.45,22.20,0.399,0.124,0.109,no_fruit,no_fruit
1110001,1097,82.00,25.25,22.05,0.401,0.123,0.108,no_fruit,no_fruit
1111012,1098,81.05,25.15,22.05,0.396,0.123,0.108,no_fruit,no_fruit
1112023,1099,80.25,25.25,22.00,0.392,0.123,0.108,no_fruit,no_fruit
1113034,1100,79.70,25.25,22.00,0.390,0.123,0.108,no_fruit,no_fruit
1114045,1101,79.60,25.40,22.90,0.389,0.124,0.112,no_fruit,no_fruit
1115056,1102,80.25,25.95,23.80,0.392,0.127,0.116,no_fruit,no_fruit
1116066,1103,81.75,25.65,22.60,0.400,0.125,0.110,no_fruit,no_fruit
1117078,1104,82.90,25.50,22.35,0.405,0.125,0.109,no_fruit,no_fruit
1118089,1105,84.30,25.45,22.45,0.412,0.124,0.110,no_fruit,no_fruit
